-- phpMyAdmin SQL Dump
-- version 5.2.0
-- https://www.phpmyadmin.net/
--
-- Host: 127.0.0.1
-- Generation Time: Jun 10, 2022 at 04:15 PM
-- Server version: 10.4.24-MariaDB
-- PHP Version: 8.1.6

SET SQL_MODE = "NO_AUTO_VALUE_ON_ZERO";
START TRANSACTION;
SET time_zone = "+00:00";


/*!40101 SET @OLD_CHARACTER_SET_CLIENT=@@CHARACTER_SET_CLIENT */;
/*!40101 SET @OLD_CHARACTER_SET_RESULTS=@@CHARACTER_SET_RESULTS */;
/*!40101 SET @OLD_COLLATION_CONNECTION=@@COLLATION_CONNECTION */;
/*!40101 SET NAMES utf8mb4 */;

--
-- Database: `footballdb`
--

-- --------------------------------------------------------

--
-- Table structure for table `club`
--

CREATE TABLE `club` (
  `ClubID` int(11) NOT NULL,
  `ClubName` varchar(40) DEFAULT NULL,
  `Shortname` varchar(5) DEFAULT NULL,
  `StadiumID` char(10) DEFAULT NULL,
  `CoachID` int(11) DEFAULT NULL
) ENGINE=InnoDB DEFAULT CHARSET=utf8mb4;

--
-- Dumping data for table `club`
--

INSERT INTO `club` (`ClubID`, `ClubName`, `Shortname`, `StadiumID`, `CoachID`) VALUES
(101, 'Mèo Méo Meo', ' Meow', 'STD14', 5013),
(102, 'man mới', 'as', 'STD05', 5007),
(103, '       Chelsea', ' 1234', 'STD15', 5013),
(104, 'abcdef', 'ABC', 'STD06', 5007),
(105, 'Tottenham Hotspur', 'TOT', 'STD17', 5009),
(106, 'Everton', 'EVE', 'STD10', 5001),
(107, 'Liverpool', 'LIV', 'STD19', 5015),
(108, 'West Bromwich Albion', 'WBR', 'STD04', 5012),
(109, 'Swansea City', 'SWA', 'STD12', 5010),
(110, 'West Ham United', 'WHA', 'STD05', 5018),
(111, 'Norwich City', 'NOR', 'STD15', 5013),
(112, 'Fulham', 'FUL', 'STD01', 5017),
(113, 'Stoke City', 'STK', 'STD18', 5005),
(114, 'Southampton', 'SOU', 'STD16', 5007),
(115, 'Aston Villa', 'AST', 'STD13', 5014),
(116, 'Newcastle United', 'NEW', 'STD07', 5019),
(117, 'Sunderland', 'SUN', 'STD20', 5006),
(118, 'Wigan Athletic', 'WIG', 'STD08', 5022),
(119, 'Reading', 'REA', 'STD03', 5026),
(120, 'Queens Park Rangers', 'QPR', 'STD02', 5032),
(121, 'clb 2', 'sádaa', 'STD17', 5013),
(122, 'Quyet Chiưqeq', 'ưeq', 'STD12', 5008),
(123, 'Quyet Chi', 'sádaa', 'STD01', 5001),
(124, '  Manchester United', '  MUN', 'STD01', 5002),
(125, ' Manchester United', ' MUN', 'STD15', 5002),
(126, ' Manchester United', ' MUNs', 'STD14', 5002),
(127, ' Manchester United', ' MUNs', 'STD14', 5002),
(128, 'Quyet Chiadsf', 'sádaa', 'STD07', 5014),
(129, 'Quyet Chiadsf', 'sádaa', 'STD07', 5014),
(130, ' Manchester United', ' MUNs', 'STD14', 5002),
(131, ' sfđsà', ' 1232', 'STD01', 5001),
(132, 'câu lạc bộ mới', 'clbm', 'STD02', 5002),
(133, 'tha nquangr ninh', ' tqns', 'STD06', 5006),
(134, 'câu lạc bộ hơi mới', 'HM', 'STD02', 5002),
(135, '', '', 'STD01', 5001),
(136, '', '', 'STD14', 5001),
(137, '', 'No', 'STD01', 5001),
(138, 'Việt Nam Vô Địch', 'VN', 'STD15', 5019);

-- --------------------------------------------------------

--
-- Table structure for table `coach`
--

CREATE TABLE `coach` (
  `CoachID` int(11) NOT NULL,
  `CFullName` varchar(40) DEFAULT NULL,
  `YearOfBirth` int(11) DEFAULT NULL,
  `Nationality` varchar(40) DEFAULT NULL
) ENGINE=InnoDB DEFAULT CHARSET=utf8mb4;

--
-- Dumping data for table `coach`
--

INSERT INTO `coach` (`CoachID`, `CFullName`, `YearOfBirth`, `Nationality`) VALUES
(5001, 'Roberto Martínez', 1973, 'Switzerland'),
(5002, 'David Moyes', 1963, 'United States'),
(5003, 'Manuel Pellegrini', 1953, 'England'),
(5004, 'José Mourinho', 1963, 'England'),
(5005, 'Mark Hughes', 1963, 'Belgium'),
(5006, 'Paolo Di Canio', 1968, 'Spain'),
(5007, 'Mauricio Pochettino', 1972, 'Spain'),
(5008, 'Ian Holloway', 1963, 'England'),
(5009, 'André Villas-Boas', 1977, 'Mexico'),
(5010, 'Michael Laudrup', 1964, 'Italy'),
(5011, 'Steve Bruce', 1960, 'England'),
(5012, 'Steve Clarke', 1963, 'England'),
(5013, 'Chris Hughton', 1958, 'Italy'),
(5014, 'Paul Lambert', 1969, 'England'),
(5015, 'Brendan Rodgers', 1973, 'Portugal'),
(5016, 'Malky Mackay', 1972, 'England'),
(5017, 'Martin Jol', 1956, 'Spain'),
(5018, 'Sam Allardyce', 1954, 'Spain'),
(5019, 'Alan Pardew', 1961, 'Brazil'),
(5020, 'Arsène Wenger', 1949, 'Spain'),
(5021, 'Óscar García', 1973, 'Portugal'),
(5022, 'Owen Coyle', 1966, 'Italy'),
(5023, 'Steve Lomas', 1974, 'Mexico'),
(5024, 'Paul Dickov', 1972, 'Switzerland'),
(5025, 'Brian McDermott', 1961, 'Germany'),
(5026, 'Nigel Adkins', 1965, 'Italy'),
(5027, 'Gary Bowyer', 1971, 'Italy'),
(5028, 'Paul Ince', 1967, 'Switzerland'),
(5029, 'Billy Davies', 1964, 'Spain'),
(5030, 'Mark Robins', 1969, 'Spain'),
(5031, 'David Flitcroft', 1974, 'Germany'),
(5032, 'Harry Redknapp', 1947, 'England'),
(5033, 'Mick McCarthy', 1959, 'Spain'),
(5034, 'Sean Dyche', 1971, 'Spain'),
(5035, 'Dougie Freedman', 1974, 'England'),
(5036, 'Eddie Howe', 1977, 'England'),
(5037, 'Gianfranco Zola', 1966, 'Switzerland'),
(5038, 'Lee Clark', 1972, 'Switzerland'),
(5039, 'Dave Jones', 1956, 'Netherlands'),
(5040, 'Gary Johnson', 1955, 'Portugal'),
(5041, 'Nigel Pearson', 1963, 'Portugal'),
(5042, 'Chris Powell', 1969, 'Germany'),
(5043, 'Tony Mowbray', 1963, 'Brazil'),
(5044, 'Nigel Clough', 1966, 'England'),
(5045, 'Mark Cooper', 1968, 'Spain'),
(5046, 'David Weir', 1970, 'Germany'),
(5047, 'Kenny Jackett', 1962, 'Belgium'),
(5048, 'Graham Westley', 1968, 'United States'),
(5049, 'Lee Johnson', 1981, 'Belgium'),
(5050, 'Steven Pressley', 1973, 'Spain'),
(5051, 'Simon Grayson', 1969, 'Germany'),
(5052, 'Chris Kiwomya', 1969, 'Switzerland'),
(5053, 'Sean O\'Driscoll', 1957, 'Germany'),
(5054, 'Joe Dunne', 1973, 'Spain'),
(5055, 'Richie Barker', 1975, 'England'),
(5056, 'Martin Allen', 1965, 'Portugal'),
(5057, 'Steve Evans', 1962, 'Brazil'),
(5058, 'Ronnie Moore', 1953, 'Portugal'),
(5059, 'Steve Davis', 1965, 'Mexico'),
(5060, 'Phil Parkinson', 1967, 'Spain'),
(5061, 'Uwe Rösler', 1968, 'England'),
(5062, 'Micky Adams', 1961, 'Mexico'),
(5063, 'Darren Ferguson', 1972, 'Spain'),
(5064, 'Dean Smith', 1971, 'Mexico'),
(5065, 'Graham Turner', 1947, 'Mexico'),
(5066, 'Karl Robinson', 1980, 'Belgium'),
(5067, 'Russell Slade', 1960, 'Spain'),
(5068, 'Greg Abbott', 1963, 'Argentina'),
(5069, 'Colin Cooper', 1967, 'Spain'),
(5070, 'James Beattie‡', 1978, 'United States'),
(5071, 'Alan Knill', 1961, 'Switzerland'),
(5072, 'Phil Brown', 1959, 'Italy'),
(5073, 'Nigel Worthington', 1961, 'Belgium'),
(5074, 'Wayne Burnett', 1971, 'England'),
(5075, 'Keith Hill', 1969, 'Portugal'),
(5076, 'John Sheridan', 1964, 'Italy'),
(5077, 'John Ward', 1951, 'Portugal'),
(5078, 'Graham Alexander', 1971, 'Spain'),
(5079, 'Guy Whittingham', 1964, 'Netherlands'),
(5080, 'Brian Laws', 1961, 'United States'),
(5081, 'Paul Cook', 1967, 'Germany'),
(5082, 'Neal Ardley', 1972, 'England'),
(5083, 'Kevin Blackwell', 1958, 'Switzerland'),
(5084, 'Gareth Ainsworth', 1973, 'Switzerland'),
(5085, 'Gary Rowett', 1974, 'Portugal'),
(5086, 'Aidy Boothroyd', 1971, 'Switzerland'),
(5087, 'Justin Edinburgh', 1969, 'Spain'),
(5088, 'Paul Cox', 1972, 'United States'),
(5089, 'Jim Bentley', 1976, 'Netherlands'),
(5090, 'Mark Yates', 1970, 'Mexico'),
(5091, 'Chris Wilder', 1967, 'Portugal'),
(5092, 'Paul Tisdale', 1973, 'Spain');

-- --------------------------------------------------------

--
-- Table structure for table `matches`
--

CREATE TABLE `matches` (
  `MatchID` int(11) NOT NULL,
  `DateOfMatch` datetime DEFAULT NULL,
  `HomeClub` int(11) DEFAULT NULL,
  `AwayClub` int(11) DEFAULT NULL,
  `StadiumID` char(10) DEFAULT NULL,
  `Round` int(11) DEFAULT NULL,
  `ExtraTime` datetime DEFAULT NULL,
  `Result` varchar(30) DEFAULT NULL,
  `Status` int(11) DEFAULT NULL
) ENGINE=InnoDB DEFAULT CHARSET=utf8mb4;

--
-- Dumping data for table `matches`
--

INSERT INTO `matches` (`MatchID`, `DateOfMatch`, `HomeClub`, `AwayClub`, `StadiumID`, `Round`, `ExtraTime`, `Result`, `Status`) VALUES
(1, NULL, 112, 111, 'STD15', 1, NULL, '5-0', 1),
(2, NULL, 120, 109, 'STD12', 1, NULL, '0-5', 1),
(3, NULL, 119, 113, 'STD18', 1, NULL, '1-1', 1),
(4, NULL, 108, 107, 'STD19', 1, NULL, '3-0', 1),
(5, NULL, 110, 115, 'STD13', 1, NULL, '1-0', 1),
(6, NULL, 104, 117, 'STD20', 1, NULL, '0-0', 1),
(7, NULL, 116, 105, 'STD17', 1, NULL, '2-1', 1),
(8, NULL, 118, 103, 'STD11', 1, NULL, '0-2', 1),
(9, NULL, 102, 114, 'STD16', 1, NULL, '3-2', 1),
(10, NULL, 106, 101, 'STD14', 1, NULL, '1-0', 1),
(11, NULL, 103, 119, 'STD03', 3, NULL, '4-2', 1),
(12, NULL, 109, 110, 'STD05', 2, NULL, '3-0', 1),
(13, NULL, 115, 106, 'STD10', 2, NULL, '1-3', 1),
(14, NULL, 101, 112, 'STD01', 2, NULL, '3-2', 1),
(15, NULL, 111, 120, 'STD02', 2, NULL, '1-1', 1),
(16, NULL, 114, 118, 'STD08', 2, NULL, '0-2', 1),
(17, NULL, 105, 108, 'STD04', 2, NULL, '1-1', 1),
(18, NULL, 103, 116, 'STD07', 2, NULL, '2-0', 1),
(19, NULL, 113, 104, 'STD06', 2, NULL, '0-0', 1),
(20, NULL, 107, 102, 'STD09', 2, NULL, '2-2', 1),
(21, NULL, 110, 112, 'STD01', 3, NULL, '3-0', 1),
(22, NULL, 109, 117, 'STD20', 3, NULL, '2-2', 1),
(23, NULL, 105, 111, 'STD15', 3, NULL, '1-1', 1),
(24, NULL, 108, 106, 'STD10', 3, NULL, '2-0', 1),
(25, NULL, 118, 113, 'STD18', 3, NULL, '2-2', 1),
(26, NULL, 102, 120, 'STD02', 3, NULL, '3-1', 1),
(27, NULL, 107, 104, 'STD06', 3, NULL, '0-2', 1),
(28, NULL, 116, 115, 'STD13', 3, NULL, '1-1', 1),
(29, NULL, 114, 101, 'STD14', 3, NULL, '2-3', 1),
(30, NULL, 111, 110, 'STD05', 4, NULL, '0-0', 1),
(31, NULL, 104, 114, 'STD16', 4, NULL, '6-1', 1),
(32, NULL, 115, 109, 'STD12', 4, NULL, '2-0', 1),
(33, NULL, 101, 118, 'STD08', 4, NULL, '4-0', 1),
(34, NULL, 120, 103, 'STD11', 4, NULL, '0-0', 1),
(35, NULL, 113, 102, 'STD09', 4, NULL, '1-1', 1),
(36, NULL, 112, 108, 'STD04', 4, NULL, '3-0', 1),
(37, NULL, 117, 107, 'STD19', 4, NULL, '1-1', 1),
(38, NULL, 119, 105, 'STD17', 4, NULL, '1-3', 1),
(39, NULL, 106, 116, 'STD07', 4, NULL, '2-2', 1),
(40, NULL, 109, 106, 'STD10', 5, NULL, '0-3', 1),
(41, NULL, 103, 113, 'STD18', 5, NULL, '1-0', 1),
(42, NULL, 114, 115, 'STD13', 5, NULL, '4-1', 1),
(43, NULL, 110, 117, 'STD20', 5, NULL, '1-1', 1),
(44, NULL, 118, 112, 'STD01', 5, NULL, '1-2', 1),
(45, NULL, 108, 119, 'STD03', 5, NULL, '1-0', 1),
(46, NULL, 107, 101, 'STD14', 5, NULL, '1-2', 1),
(47, NULL, 116, 111, 'STD15', 5, NULL, '1-0', 1),
(48, NULL, 105, 120, 'STD02', 5, NULL, '2-1', 1),
(49, NULL, 102, 104, 'STD06', 5, NULL, '1-1', 1),
(50, NULL, 104, 103, 'STD11', 6, NULL, '1-2', 1),
(51, NULL, 117, 118, 'STD08', 6, NULL, '1-0', 1),
(52, NULL, 119, 116, 'STD07', 6, NULL, '2-2', 1),
(53, NULL, 106, 114, 'STD16', 6, NULL, '3-1', 1),
(54, NULL, 112, 102, 'STD09', 6, NULL, '1-2', 1),
(55, NULL, 111, 107, 'STD19', 6, NULL, '2-5', 1),
(56, NULL, 113, 109, 'STD12', 6, NULL, '2-0', 1),
(57, NULL, 101, 105, 'STD17', 6, NULL, '2-3', 1),
(58, NULL, 115, 108, 'STD04', 6, NULL, '1-1', 1),
(59, NULL, 120, 110, 'STD05', 6, NULL, '1-2', 1),
(60, NULL, 102, 117, 'STD20', 7, NULL, '3-0', 1),
(61, NULL, 118, 106, 'STD10', 7, NULL, '2-2', 1),
(62, NULL, 103, 111, 'STD15', 7, NULL, '4-1', 1),
(63, NULL, 109, 119, 'STD03', 7, NULL, '2-2', 1),
(64, NULL, 108, 120, 'STD02', 7, NULL, '3-2', 1),
(65, NULL, 110, 104, 'STD06', 7, NULL, '1-3', 1),
(66, NULL, 114, 112, 'STD01', 7, NULL, '2-2', 1),
(67, NULL, 107, 113, 'STD18', 7, NULL, '0-0', 1),
(68, NULL, 105, 115, 'STD13', 7, NULL, '2-0', 1),
(69, NULL, 116, 101, 'STD14', 7, NULL, '0-3', 1),
(70, NULL, 105, 103, 'STD11', 8, NULL, '2-4', 1),
(71, NULL, 101, 113, 'STD18', 8, NULL, '4-2', 1),
(72, NULL, 109, 118, 'STD08', 8, NULL, '2-1', 1),
(73, NULL, 108, 102, 'STD09', 8, NULL, '1-2', 1),
(74, NULL, 110, 114, 'STD16', 8, NULL, '4-1', 1),
(75, NULL, 107, 119, 'STD03', 8, NULL, '1-0', 1),
(76, NULL, 112, 115, 'STD13', 8, NULL, '1-0', 1),
(77, NULL, 111, 104, 'STD06', 8, NULL, '1-0', 1),
(78, NULL, 117, 116, 'STD07', 8, NULL, '1-1', 1),
(79, NULL, 120, 106, 'STD10', 8, NULL, '1-1', 1),
(80, NULL, 115, 111, 'STD15', 9, NULL, '1-1', 1),
(81, NULL, 104, 120, 'STD02', 9, NULL, '1-0', 1),
(82, NULL, 119, 112, 'STD01', 9, NULL, '3-3', 1),
(83, NULL, 113, 117, 'STD20', 9, NULL, '0-0', 1),
(84, NULL, 118, 110, 'STD05', 9, NULL, '2-1', 1),
(85, NULL, 102, 109, 'STD12', 9, NULL, '1-0', 1),
(86, NULL, 106, 107, 'STD19', 9, NULL, '2-2', 1),
(87, NULL, 116, 108, 'STD04', 9, NULL, '2-1', 1),
(88, NULL, 114, 105, 'STD17', 9, NULL, '1-2', 1),
(89, NULL, 103, 101, 'STD14', 9, NULL, '2-3', 1),
(90, NULL, 101, 104, 'STD06', 10, NULL, '2-1', 1),
(91, NULL, 109, 103, 'STD11', 10, NULL, '1-1', 1),
(92, NULL, 105, 118, 'STD08', 10, NULL, '0-1', 1),
(93, NULL, 117, 115, 'STD13', 10, NULL, '0-1', 1),
(94, NULL, 112, 106, 'STD10', 10, NULL, '2-2', 1),
(95, NULL, 111, 113, 'STD18', 10, NULL, '1-0', 1),
(96, NULL, 110, 102, 'STD09', 10, NULL, '0-0', 1),
(97, NULL, 120, 119, 'STD03', 10, NULL, '1-1', 1),
(98, NULL, 107, 116, 'STD07', 10, NULL, '1-1', 1),
(99, NULL, 108, 114, 'STD16', 10, NULL, '2-0', 1),
(100, NULL, 114, 109, 'STD12', 11, NULL, '1-1', 1),
(101, NULL, 104, 112, 'STD01', 11, NULL, '3-3', 1),
(102, NULL, 106, 117, 'STD20', 11, NULL, '2-1', 1),
(103, NULL, 119, 111, 'STD15', 11, NULL, '0-0', 1),
(104, NULL, 113, 120, 'STD02', 11, NULL, '1-0', 1),
(105, NULL, 118, 108, 'STD04', 11, NULL, '1-2', 1),
(106, NULL, 115, 101, 'STD14', 11, NULL, '2-3', 1),
(107, NULL, 102, 105, 'STD17', 11, NULL, '2-1', 1),
(108, NULL, 116, 110, 'STD05', 11, NULL, '0-1', 1),
(109, NULL, 103, 107, 'STD19', 11, NULL, '1-1', 1),
(110, NULL, 104, 105, 'STD17', 12, NULL, '5-2', 1),
(111, NULL, 108, 103, 'STD11', 12, NULL, '2-1', 1),
(112, NULL, 119, 106, 'STD10', 12, NULL, '2-1', 1),
(113, NULL, 107, 118, 'STD08', 12, NULL, '3-0', 1),
(114, NULL, 102, 115, 'STD13', 12, NULL, '5-0', 1),
(115, NULL, 116, 109, 'STD12', 12, NULL, '1-2', 1),
(116, NULL, 120, 114, 'STD16', 12, NULL, '1-3', 1),
(117, NULL, 111, 101, 'STD14', 12, NULL, '1-0', 1),
(118, NULL, 112, 117, 'STD20', 12, NULL, '1-3', 1),
(119, NULL, 110, 113, 'STD18', 12, NULL, '1-1', 1),
(120, NULL, 117, 108, 'STD04', 13, NULL, '2-4', 1),
(121, NULL, 106, 111, 'STD15', 13, NULL, '1-1', 1),
(122, NULL, 101, 120, 'STD02', 13, NULL, '3-1', 1),
(123, NULL, 113, 112, 'STD01', 13, NULL, '1-0', 1),
(124, NULL, 118, 119, 'STD03', 13, NULL, '3-2', 1),
(125, NULL, 115, 104, 'STD06', 13, NULL, '0-0', 1),
(126, NULL, 109, 107, 'STD19', 13, NULL, '0-0', 1),
(127, NULL, 114, 116, 'STD07', 13, NULL, '2-0', 1),
(128, NULL, 103, 102, 'STD09', 13, NULL, '0-0', 1),
(129, NULL, 105, 110, 'STD05', 13, NULL, '3-1', 1),
(130, NULL, 117, 120, 'STD02', 14, NULL, '0-0', 1),
(131, NULL, 115, 119, 'STD03', 14, NULL, '1-0', 1),
(132, NULL, 114, 111, 'STD15', 14, NULL, '1-1', 1),
(133, NULL, 113, 116, 'STD07', 14, NULL, '2-1', 1),
(134, NULL, 109, 108, 'STD04', 14, NULL, '3-1', 1),
(135, NULL, 105, 107, 'STD19', 14, NULL, '2-1', 1),
(136, NULL, 103, 112, 'STD01', 14, NULL, '0-0', 1),
(137, NULL, 106, 104, 'STD06', 14, NULL, '1-1', 1),
(138, NULL, 101, 110, 'STD05', 14, NULL, '1-0', 1),
(139, NULL, 118, 102, 'STD09', 14, NULL, '0-2', 1),
(140, NULL, 110, 103, 'STD11', 15, NULL, '3-1', 1),
(141, NULL, 112, 105, 'STD17', 15, NULL, '0-3', 1),
(142, NULL, 102, 106, 'STD10', 15, NULL, '1-1', 1),
(143, NULL, 104, 109, 'STD12', 15, NULL, '0-2', 1),
(144, NULL, 120, 115, 'STD13', 15, NULL, '1-1', 1),
(145, NULL, 108, 113, 'STD18', 15, NULL, '0-1', 1),
(146, NULL, 107, 114, 'STD16', 15, NULL, '1-0', 1),
(147, NULL, 119, 101, 'STD14', 15, NULL, '3-4', 1),
(148, NULL, 111, 117, 'STD20', 15, NULL, '2-1', 1),
(149, NULL, 116, 118, 'STD08', 15, NULL, '3-0', 1),
(150, NULL, 104, 108, 'STD04', 16, NULL, '2-0', 1),
(151, NULL, 115, 113, 'STD18', 16, NULL, '0-0', 1),
(152, NULL, 114, 119, 'STD03', 16, NULL, '1-0', 1),
(153, NULL, 117, 103, 'STD11', 16, NULL, '1-3', 1),
(154, NULL, 109, 111, 'STD15', 16, NULL, '3-4', 1),
(155, NULL, 118, 120, 'STD02', 16, NULL, '2-2', 1),
(156, NULL, 102, 101, 'STD14', 16, NULL, '2-3', 1),
(157, NULL, 106, 105, 'STD17', 16, NULL, '2-1', 1),
(158, NULL, 110, 107, 'STD19', 16, NULL, '2-3', 1),
(159, NULL, 112, 116, 'STD07', 16, NULL, '2-1', 1),
(160, NULL, 117, 119, 'STD03', 2, NULL, '3-0', 1),
(161, NULL, 116, 102, 'STD09', 17, NULL, '1-3', 1),
(162, NULL, 120, 112, 'STD01', 17, NULL, '2-1', 1),
(163, NULL, 107, 115, 'STD13', 17, NULL, '1-3', 1),
(164, NULL, 101, 117, 'STD20', 17, NULL, '3-1', 1),
(165, NULL, 111, 118, 'STD08', 17, NULL, '2-1', 1),
(166, NULL, 113, 106, 'STD10', 17, NULL, '1-1', 1),
(167, NULL, 105, 109, 'STD12', 17, NULL, '1-0', 1),
(168, NULL, 108, 110, 'STD05', 17, NULL, '0-0', 1),
(169, NULL, 119, 104, 'STD06', 17, NULL, '2-5', 1),
(170, NULL, 118, 104, 'STD06', 18, NULL, '0-1', 1),
(171, NULL, 110, 106, 'STD10', 18, NULL, '1-2', 1),
(172, NULL, 102, 119, 'STD03', 18, NULL, '1-0', 1),
(173, NULL, 116, 120, 'STD02', 18, NULL, '1-0', 1),
(174, NULL, 114, 117, 'STD20', 18, NULL, '0-1', 1),
(175, NULL, 108, 111, 'STD15', 18, NULL, '2-1', 1),
(176, NULL, 105, 113, 'STD18', 18, NULL, '0-0', 1),
(177, NULL, 107, 112, 'STD01', 18, NULL, '4-0', 1),
(178, NULL, 109, 101, 'STD14', 18, NULL, '1-1', 1),
(179, NULL, 103, 115, 'STD13', 18, NULL, '8-0', 1),
(180, NULL, 117, 102, 'STD09', 19, NULL, '1-0', 1),
(181, NULL, 106, 118, 'STD08', 19, NULL, '2-1', 1),
(182, NULL, 112, 114, 'STD16', 19, NULL, '1-1', 1),
(183, NULL, 101, 116, 'STD07', 19, NULL, '4-3', 1),
(184, NULL, 111, 103, 'STD11', 19, NULL, '0-1', 1),
(185, NULL, 119, 109, 'STD12', 19, NULL, '0-0', 1),
(186, NULL, 120, 108, 'STD04', 19, NULL, '1-2', 1),
(187, NULL, 115, 105, 'STD17', 19, NULL, '0-4', 1),
(188, NULL, 113, 107, 'STD19', 19, NULL, '3-1', 1),
(189, NULL, 117, 105, 'STD17', 20, NULL, '1-2', 1),
(190, NULL, 115, 118, 'STD08', 20, NULL, '0-3', 1),
(191, NULL, 112, 109, 'STD12', 20, NULL, '1-2', 1),
(192, NULL, 101, 108, 'STD04', 20, NULL, '2-0', 1),
(193, NULL, 111, 102, 'STD09', 20, NULL, '3-4', 1),
(194, NULL, 119, 110, 'STD05', 20, NULL, '1-0', 1),
(195, NULL, 113, 114, 'STD16', 20, NULL, '3-3', 1),
(196, NULL, 104, 116, 'STD07', 20, NULL, '7-3', 1),
(197, NULL, 106, 103, 'STD11', 20, NULL, '1-2', 1),
(198, NULL, 120, 107, 'STD19', 20, NULL, '0-3', 1),
(199, NULL, 108, 112, 'STD01', 21, NULL, '1-2', 1),
(200, NULL, 102, 113, 'STD18', 21, NULL, '3-0', 1),
(201, NULL, 109, 115, 'STD13', 21, NULL, '2-2', 1),
(202, NULL, 105, 119, 'STD03', 21, NULL, '3-1', 1),
(203, NULL, 110, 111, 'STD15', 21, NULL, '2-1', 1),
(204, NULL, 118, 101, 'STD14', 21, NULL, '0-4', 1),
(205, NULL, 114, 104, 'STD06', 21, NULL, '1-1', 1),
(206, NULL, 103, 120, 'STD02', 21, NULL, '0-1', 1),
(207, NULL, 107, 117, 'STD20', 21, NULL, '3-0', 1),
(208, NULL, 116, 106, 'STD10', 21, NULL, '1-2', 1),
(209, NULL, 120, 105, 'STD17', 22, NULL, '0-0', 1),
(210, NULL, 111, 116, 'STD07', 22, NULL, '0-0', 1),
(211, NULL, 119, 108, 'STD04', 22, NULL, '3-2', 1),
(212, NULL, 113, 103, 'STD11', 22, NULL, '0-4', 1),
(213, NULL, 117, 110, 'STD05', 22, NULL, '3-0', 1),
(214, NULL, 112, 118, 'STD08', 22, NULL, '1-1', 1),
(215, NULL, 106, 109, 'STD12', 22, NULL, '0-0', 1),
(216, NULL, 115, 114, 'STD16', 22, NULL, '0-1', 1),
(217, NULL, 101, 107, 'STD19', 22, NULL, '2-1', 1),
(218, NULL, 104, 102, 'STD09', 22, NULL, '0-2', 1),
(219, NULL, 103, 114, 'STD16', 17, NULL, '2-2', 1),
(220, NULL, 107, 111, 'STD15', 23, NULL, '5-0', 1),
(221, NULL, 102, 112, 'STD01', 23, NULL, '2-0', 1),
(222, NULL, 110, 120, 'STD02', 23, NULL, '1-1', 1),
(223, NULL, 118, 117, 'STD20', 23, NULL, '2-3', 1),
(224, NULL, 109, 113, 'STD18', 23, NULL, '3-1', 1),
(225, NULL, 116, 119, 'STD03', 23, NULL, '1-2', 1),
(226, NULL, 108, 115, 'STD13', 23, NULL, '2-2', 1),
(227, NULL, 103, 104, 'STD06', 23, NULL, '2-1', 1),
(228, NULL, 105, 101, 'STD14', 23, NULL, '1-1', 1),
(229, NULL, 114, 106, 'STD10', 23, NULL, '0-0', 1),
(230, NULL, 104, 110, 'STD05', 19, NULL, '5-1', 1),
(231, NULL, 113, 118, 'STD08', 24, NULL, '2-2', 1),
(232, NULL, 115, 116, 'STD07', 24, NULL, '1-2', 1),
(233, NULL, 120, 102, 'STD09', 24, NULL, '0-0', 1),
(234, NULL, 117, 109, 'STD12', 24, NULL, '0-0', 1),
(235, NULL, 104, 107, 'STD19', 24, NULL, '2-2', 1),
(236, NULL, 111, 105, 'STD17', 24, NULL, '1-1', 1),
(237, NULL, 106, 108, 'STD04', 24, NULL, '2-1', 1),
(238, NULL, 101, 114, 'STD16', 24, NULL, '2-1', 1),
(239, NULL, 119, 103, 'STD11', 24, NULL, '2-2', 1),
(240, NULL, 112, 110, 'STD05', 24, NULL, '3-1', 1),
(241, NULL, 120, 111, 'STD15', 25, NULL, '0-0', 1),
(242, NULL, 118, 114, 'STD16', 25, NULL, '2-2', 1),
(243, NULL, 104, 113, 'STD18', 25, NULL, '1-0', 1),
(244, NULL, 106, 115, 'STD13', 25, NULL, '3-3', 1),
(245, NULL, 116, 103, 'STD11', 25, NULL, '3-2', 1),
(246, NULL, 119, 117, 'STD20', 25, NULL, '2-1', 1),
(247, NULL, 110, 109, 'STD12', 25, NULL, '1-0', 1),
(248, NULL, 112, 101, 'STD14', 25, NULL, '0-1', 1),
(249, NULL, 108, 105, 'STD17', 25, NULL, '0-1', 1),
(250, NULL, 102, 107, 'STD19', 25, NULL, '2-2', 1),
(251, NULL, 105, 116, 'STD07', 26, NULL, '2-1', 1),
(252, NULL, 103, 118, 'STD08', 26, NULL, '4-1', 1),
(253, NULL, 111, 112, 'STD01', 26, NULL, '0-0', 1),
(254, NULL, 113, 119, 'STD03', 26, NULL, '2-1', 1),
(255, NULL, 117, 104, 'STD06', 26, NULL, '0-1', 1),
(256, NULL, 109, 120, 'STD02', 26, NULL, '4-1', 1),
(257, NULL, 114, 102, 'STD09', 26, NULL, '3-1', 1),
(258, NULL, 115, 110, 'STD05', 26, NULL, '2-1', 1),
(259, NULL, 101, 106, 'STD10', 26, NULL, '2-0', 1),
(260, NULL, 107, 108, 'STD04', 26, NULL, '0-2', 1),
(261, NULL, 107, 109, 'STD12', 27, NULL, '5-0', 1),
(262, NULL, 112, 113, 'STD18', 27, NULL, '1-0', 1),
(263, NULL, 111, 106, 'STD10', 27, NULL, '2-1', 1),
(264, NULL, 120, 101, 'STD14', 27, NULL, '0-2', 1),
(265, NULL, 119, 118, 'STD08', 27, NULL, '0-3', 1),
(266, NULL, 108, 117, 'STD20', 27, NULL, '2-1', 1),
(267, NULL, 104, 115, 'STD13', 27, NULL, '2-1', 1),
(268, NULL, 102, 103, 'STD11', 27, NULL, '2-0', 1),
(269, NULL, 116, 114, 'STD16', 27, NULL, '4-2', 1),
(270, NULL, 110, 105, 'STD17', 27, NULL, '2-3', 1),
(271, NULL, 101, 111, 'STD15', 28, NULL, '4-0', 1),
(272, NULL, 106, 119, 'STD03', 28, NULL, '3-1', 1),
(273, NULL, 114, 120, 'STD02', 28, NULL, '1-2', 1),
(274, NULL, 113, 110, 'STD05', 28, NULL, '0-1', 1),
(275, NULL, 117, 112, 'STD01', 28, NULL, '2-2', 1),
(276, NULL, 109, 116, 'STD07', 28, NULL, '1-0', 1),
(277, NULL, 103, 108, 'STD04', 28, NULL, '1-0', 1),
(278, NULL, 118, 107, 'STD19', 28, NULL, '0-4', 1),
(279, NULL, 105, 104, 'STD06', 28, NULL, '2-1', 1),
(280, NULL, 115, 102, 'STD09', 28, NULL, '0-1', 1),
(281, NULL, 120, 117, 'STD20', 29, NULL, '3-1', 1),
(282, NULL, 119, 115, 'STD13', 29, NULL, '1-2', 1),
(283, NULL, 108, 109, 'STD12', 29, NULL, '2-1', 1),
(284, NULL, 111, 114, 'STD16', 29, NULL, '0-0', 1),
(285, NULL, 116, 113, 'STD18', 29, NULL, '2-1', 1),
(286, NULL, 107, 105, 'STD17', 29, NULL, '3-2', 1),
(287, NULL, 106, 102, 'STD09', 30, NULL, '2-0', 1),
(288, NULL, 109, 104, 'STD06', 30, NULL, '0-2', 1),
(289, NULL, 115, 120, 'STD02', 30, NULL, '3-2', 1),
(290, NULL, 114, 107, 'STD19', 30, NULL, '3-1', 1),
(291, NULL, 113, 108, 'STD04', 30, NULL, '0-0', 1),
(292, NULL, 101, 119, 'STD03', 30, NULL, '1-0', 1),
(293, NULL, 117, 111, 'STD15', 30, NULL, '1-1', 1),
(294, NULL, 105, 112, 'STD01', 30, NULL, '0-1', 1),
(295, NULL, 103, 110, 'STD05', 30, NULL, '2-0', 1),
(296, NULL, 118, 116, 'STD07', 30, NULL, '2-1', 1),
(297, NULL, 117, 101, 'STD14', 31, NULL, '0-1', 1),
(298, NULL, 118, 111, 'STD15', 31, NULL, '1-0', 1),
(299, NULL, 110, 108, 'STD04', 31, NULL, '3-1', 1),
(300, NULL, 109, 105, 'STD17', 31, NULL, '1-2', 1),
(301, NULL, 104, 119, 'STD03', 31, NULL, '4-1', 1),
(302, NULL, 102, 116, 'STD07', 31, NULL, '4-0', 1),
(303, NULL, 114, 103, 'STD11', 31, NULL, '2-1', 1),
(304, NULL, 106, 113, 'STD18', 31, NULL, '1-0', 1),
(305, NULL, 115, 107, 'STD19', 31, NULL, '1-2', 1),
(306, NULL, 112, 120, 'STD02', 31, NULL, '3-2', 1),
(307, NULL, 119, 114, 'STD16', 32, NULL, '0-2', 1),
(308, NULL, 111, 109, 'STD12', 32, NULL, '2-2', 1),
(309, NULL, 113, 115, 'STD13', 32, NULL, '1-3', 1),
(310, NULL, 108, 104, 'STD06', 32, NULL, '1-2', 1),
(311, NULL, 107, 110, 'STD05', 32, NULL, '0-0', 1),
(312, NULL, 105, 106, 'STD10', 32, NULL, '2-2', 1),
(313, NULL, 103, 117, 'STD20', 32, NULL, '2-1', 1),
(314, NULL, 116, 112, 'STD01', 32, NULL, '1-0', 1),
(315, NULL, 120, 118, 'STD08', 32, NULL, '1-1', 1),
(316, NULL, 101, 102, 'STD09', 32, NULL, '1-2', 1),
(317, NULL, 115, 112, 'STD01', 33, NULL, '1-1', 1),
(318, NULL, 106, 120, 'STD02', 33, NULL, '2-0', 1),
(319, NULL, 119, 107, 'STD19', 33, NULL, '0-0', 1),
(320, NULL, 114, 110, 'STD05', 33, NULL, '1-1', 1),
(321, NULL, 104, 111, 'STD15', 33, NULL, '3-1', 1),
(322, NULL, 116, 117, 'STD20', 33, NULL, '0-3', 1),
(323, NULL, 113, 101, 'STD14', 33, NULL, '0-2', 1),
(324, NULL, 104, 106, 'STD10', 29, NULL, '0-0', 1),
(325, NULL, 110, 101, 'STD14', 29, NULL, '2-2', 1),
(326, NULL, 102, 118, 'STD08', 29, NULL, '1-0', 1),
(327, NULL, 112, 103, 'STD11', 29, NULL, '0-3', 1),
(328, NULL, 111, 119, 'STD03', 34, NULL, '2-1', 1),
(329, NULL, 112, 104, 'STD06', 34, NULL, '0-1', 1),
(330, NULL, 120, 113, 'STD18', 34, NULL, '0-2', 1),
(331, NULL, 117, 106, 'STD10', 34, NULL, '1-0', 1),
(332, NULL, 109, 114, 'STD16', 34, NULL, '0-0', 1),
(333, NULL, 108, 116, 'STD07', 34, NULL, '1-1', 1),
(334, NULL, 110, 118, 'STD08', 34, NULL, '2-0', 1),
(335, NULL, 105, 102, 'STD09', 34, NULL, '3-1', 1),
(336, NULL, 107, 103, 'STD11', 34, NULL, '2-2', 1),
(337, NULL, 101, 115, 'STD13', 34, NULL, '3-0', 1),
(338, NULL, 102, 110, 'STD05', 35, NULL, '2-1', 1),
(339, NULL, 106, 112, 'STD01', 35, NULL, '1-0', 1),
(340, NULL, 114, 108, 'STD04', 35, NULL, '0-3', 1),
(341, NULL, 113, 111, 'STD15', 35, NULL, '1-0', 1),
(342, NULL, 118, 105, 'STD17', 35, NULL, '2-2', 1),
(343, NULL, 116, 107, 'STD19', 35, NULL, '0-6', 1),
(344, NULL, 119, 120, 'STD02', 35, NULL, '0-0', 1),
(345, NULL, 103, 109, 'STD12', 35, NULL, '2-0', 1),
(346, NULL, 104, 101, 'STD14', 35, NULL, '1-1', 1),
(347, NULL, 115, 117, 'STD20', 35, NULL, '6-1', 1),
(348, NULL, 108, 118, 'STD08', 36, NULL, '2-3', 1),
(349, NULL, 110, 116, 'STD07', 36, NULL, '0-0', 1),
(350, NULL, 109, 102, 'STD09', 36, NULL, '0-0', 1),
(351, NULL, 112, 119, 'STD03', 36, NULL, '2-4', 1),
(352, NULL, 111, 115, 'STD13', 36, NULL, '1-2', 1),
(353, NULL, 105, 114, 'STD16', 36, NULL, '1-0', 1),
(354, NULL, 120, 104, 'STD06', 36, NULL, '0-1', 1),
(355, NULL, 107, 106, 'STD10', 36, NULL, '0-0', 1),
(356, NULL, 101, 103, 'STD11', 36, NULL, '0-1', 1),
(357, NULL, 117, 113, 'STD18', 36, NULL, '1-1', 1),
(358, NULL, 102, 108, 'STD04', 33, NULL, '1-0', 1),
(359, NULL, 118, 109, 'STD12', 33, NULL, '2-3', 1),
(360, NULL, 103, 105, 'STD17', 33, NULL, '2-2', 1),
(361, NULL, 115, 103, 'STD11', 37, NULL, '1-2', 1),
(362, NULL, 113, 105, 'STD17', 37, NULL, '1-2', 1),
(363, NULL, 106, 110, 'STD05', 37, NULL, '2-0', 1),
(364, NULL, 112, 107, 'STD19', 37, NULL, '1-3', 1),
(365, NULL, 111, 108, 'STD04', 37, NULL, '4-0', 1),
(366, NULL, 117, 114, 'STD16', 37, NULL, '1-1', 1),
(367, NULL, 120, 116, 'STD07', 37, NULL, '1-2', 1),
(368, NULL, 101, 109, 'STD12', 37, NULL, '2-1', 1),
(369, NULL, 104, 118, 'STD08', 37, NULL, '4-1', 1),
(370, NULL, 119, 102, 'STD09', 37, NULL, '0-2', 1),
(371, NULL, 118, 115, 'STD13', 38, NULL, '2-2', 1),
(372, NULL, 103, 106, 'STD10', 38, NULL, '2-1', 1),
(373, NULL, 107, 120, 'STD02', 38, NULL, '1-0', 1),
(374, NULL, 102, 111, 'STD15', 38, NULL, '2-3', 1),
(375, NULL, 116, 104, 'STD06', 38, NULL, '0-1', 1),
(376, NULL, 114, 113, 'STD18', 38, NULL, '1-1', 1),
(377, NULL, 109, 112, 'STD01', 38, NULL, '0-3', 1),
(378, NULL, 105, 117, 'STD20', 38, NULL, '1-0', 1),
(379, NULL, 108, 101, 'STD14', 38, NULL, '5-5', 1),
(380, NULL, 110, 119, 'STD03', 38, NULL, '4-2', 1);

-- --------------------------------------------------------

--
-- Table structure for table `match_goals`
--

CREATE TABLE `match_goals` (
  `GoalID` int(11) NOT NULL,
  `MatchID` int(11) DEFAULT NULL,
  `ClubID` int(11) DEFAULT NULL,
  `TimeOfGoal` int(11) DEFAULT NULL,
  `PlayerID` int(11) DEFAULT NULL,
  `IsOwnGoal` int(11) DEFAULT NULL
) ENGINE=InnoDB DEFAULT CHARSET=utf8mb4;

--
-- Dumping data for table `match_goals`
--

INSERT INTO `match_goals` (`GoalID`, `MatchID`, `ClubID`, `TimeOfGoal`, `PlayerID`, `IsOwnGoal`) VALUES
(1, 1, 112, 50, 1100, NULL),
(2, 1, 112, 48, 1106, NULL),
(3, 1, 112, 72, 1100, NULL),
(4, 1, 112, 64, 1106, NULL),
(5, 1, 112, 52, 1089, NULL),
(6, 2, 109, 7, 1358, NULL),
(7, 2, 109, 37, 1358, NULL),
(8, 2, 109, 48, 1357, NULL),
(9, 2, 109, 37, 1357, NULL),
(10, 2, 109, 21, 1350, NULL),
(11, 3, 119, 87, 1266, NULL),
(12, 3, 113, 62, 1299, NULL),
(13, 4, 108, 83, 1408, NULL),
(14, 4, 108, 89, 1408, NULL),
(15, 4, 108, 75, 1408, NULL),
(16, 5, 110, 20, 1416, NULL),
(17, 7, 116, 71, 1184, NULL),
(18, 7, 116, 18, 1175, NULL),
(19, 7, 105, 24, 1382, NULL),
(20, 8, 103, 4, 1068, NULL),
(21, 8, 103, 21, 1057, NULL),
(22, 9, 102, 29, 1134, NULL),
(23, 9, 102, 82, 1133, NULL),
(24, 9, 102, 56, 1133, NULL),
(25, 9, 114, 79, 1279, NULL),
(26, 9, 114, 13, 1294, NULL),
(27, 10, 106, 23, 1072, NULL),
(28, 11, 103, 12, 1050, NULL),
(29, 11, 103, 76, 1062, NULL),
(30, 11, 103, 41, 1052, NULL),
(31, 11, 103, 42, 1061, NULL),
(32, 11, 119, 63, 1266, NULL),
(33, 11, 119, 17, 1266, NULL),
(34, 12, 109, 64, 1342, NULL),
(35, 12, 109, 36, 1358, NULL),
(36, 12, 109, 15, 1342, NULL),
(37, 13, 115, 15, 1027, NULL),
(38, 13, 106, 31, 1069, NULL),
(39, 13, 106, 66, 1072, NULL),
(40, 13, 106, 52, 1081, NULL),
(41, 14, 101, 77, 1171, NULL),
(42, 14, 101, 5, 1171, NULL),
(43, 14, 101, 78, 1158, NULL),
(44, 14, 112, 20, 1094, NULL),
(45, 14, 112, 18, 1099, NULL),
(46, 15, 111, 66, 1201, NULL),
(47, 15, 120, 9, 1237, NULL),
(48, 16, 118, 12, 1452, NULL),
(49, 16, 118, 42, 1437, NULL),
(50, 17, 105, 86, 1365, NULL),
(51, 17, 108, 49, 1393, NULL),
(52, 18, 103, 57, 1068, NULL),
(53, 18, 103, 61, 1068, NULL),
(54, 20, 107, 84, 1118, NULL),
(55, 20, 107, 81, 1111, NULL),
(56, 20, 102, 45, 1133, NULL),
(57, 20, 102, 16, 1133, NULL),
(58, 21, 110, 32, 1427, NULL),
(59, 21, 110, 11, 1430, NULL),
(60, 21, 110, 38, 1428, NULL),
(61, 22, 109, 49, 1357, NULL),
(62, 22, 109, 48, 1356, NULL),
(63, 22, 117, 89, 1339, NULL),
(64, 22, 117, 52, 1331, NULL),
(65, 23, 105, 18, 1365, NULL),
(66, 23, 111, 25, 1221, NULL),
(67, 24, 108, 3, 1390, NULL),
(68, 24, 108, 12, 1393, NULL),
(69, 25, 118, 44, 1437, NULL),
(70, 25, 118, 52, 1442, NULL),
(71, 25, 113, 78, 1299, NULL),
(72, 25, 113, 46, 1298, NULL),
(73, 26, 102, 43, 1133, NULL),
(74, 26, 102, 15, 1133, NULL),
(75, 26, 102, 8, 1133, NULL),
(76, 26, 120, 90, 1245, NULL),
(77, 27, 104, 19, 1021, NULL),
(78, 27, 104, 70, 1021, NULL),
(79, 28, 116, 23, 1187, NULL),
(80, 28, 115, 47, 1034, NULL),
(81, 29, 114, 51, 1279, NULL),
(82, 29, 114, 31, 1279, NULL),
(83, 29, 101, 64, 1158, NULL),
(84, 29, 101, 89, 1159, NULL),
(85, 29, 101, 64, 1159, NULL),
(86, 31, 104, 83, 1011, NULL),
(87, 31, 104, 43, 1009, NULL),
(88, 31, 104, 82, 1021, NULL),
(89, 31, 104, 86, 1009, NULL),
(90, 31, 104, 75, 1011, NULL),
(91, 31, 104, 9, 1011, NULL),
(92, 31, 114, 6, 1279, NULL),
(93, 32, 115, 32, 1033, NULL),
(94, 32, 115, 21, 1025, NULL),
(95, 33, 101, 47, 1173, NULL),
(96, 33, 101, 47, 1158, NULL),
(97, 33, 101, 70, 1171, NULL),
(98, 33, 101, 85, 1173, NULL),
(99, 35, 113, 42, 1319, NULL),
(100, 35, 102, 73, 1133, NULL),
(101, 36, 112, 10, 1099, NULL),
(102, 36, 112, 25, 1089, NULL),
(103, 36, 112, 81, 1089, NULL),
(104, 37, 117, 2, 1330, NULL),
(105, 37, 107, 9, 1128, NULL),
(106, 38, 119, 7, 1266, NULL),
(107, 38, 105, 36, 1387, NULL),
(108, 38, 105, 13, 1377, NULL),
(109, 38, 105, 2, 1365, NULL),
(110, 39, 106, 62, 1073, NULL),
(111, 39, 106, 76, 1069, NULL),
(112, 39, 116, 54, 1184, NULL),
(113, 39, 116, 54, 1175, NULL),
(114, 40, 106, 74, 1086, NULL),
(115, 40, 106, 21, 1074, NULL),
(116, 40, 106, 47, 1076, NULL),
(117, 41, 103, 37, 1068, NULL),
(118, 42, 114, 22, 1279, NULL),
(119, 42, 114, 19, 1279, NULL),
(120, 42, 114, 86, 1279, NULL),
(121, 42, 114, 16, 1279, NULL),
(122, 42, 115, 10, 1030, NULL),
(123, 43, 110, 71, 1430, NULL),
(124, 43, 117, 8, 1338, NULL),
(125, 44, 118, 72, 1442, NULL),
(126, 44, 112, 8, 1100, NULL),
(127, 44, 112, 9, 1094, NULL),
(128, 45, 108, 1, 1399, NULL),
(129, 46, 107, 9, 1111, NULL),
(130, 46, 101, 42, 1168, NULL),
(131, 46, 101, 53, 1173, NULL),
(132, 47, 116, 79, 1175, NULL),
(133, 48, 105, 37, 1376, NULL),
(134, 48, 105, 15, 1376, NULL),
(135, 48, 120, 28, 1246, NULL),
(136, 49, 102, 62, 1134, NULL),
(137, 49, 104, 9, 1011, NULL),
(138, 50, 104, 42, 1011, NULL),
(139, 50, 103, 89, 1057, NULL),
(140, 50, 103, 53, 1068, NULL),
(141, 51, 117, 27, 1334, NULL),
(142, 52, 119, 33, 1266, NULL),
(143, 52, 119, 32, 1266, NULL),
(144, 52, 116, 27, 1184, NULL),
(145, 52, 116, 56, 1175, NULL),
(146, 53, 106, 36, 1078, NULL),
(147, 53, 106, 48, 1078, NULL),
(148, 53, 106, 36, 1078, NULL),
(149, 53, 114, 51, 1279, NULL),
(150, 54, 112, 19, 1089, NULL),
(151, 54, 102, 48, 1134, NULL),
(152, 54, 102, 21, 1134, NULL),
(153, 55, 111, 51, 1211, NULL),
(154, 55, 111, 28, 1218, NULL),
(155, 55, 107, 10, 1117, NULL),
(156, 55, 107, 10, 1120, NULL),
(157, 55, 107, 33, 1123, NULL),
(158, 55, 107, 64, 1128, NULL),
(159, 55, 107, 84, 1128, NULL),
(160, 56, 113, 3, 1316, NULL),
(161, 56, 113, 1, 1316, NULL),
(162, 57, 101, 73, 1159, NULL),
(163, 57, 101, 49, 1171, NULL),
(164, 57, 105, 53, 1387, NULL),
(165, 57, 105, 32, 1382, NULL),
(166, 57, 105, 38, 1382, NULL),
(167, 58, 115, 32, 1028, NULL),
(168, 58, 108, 62, 1399, NULL),
(169, 59, 120, 25, 1241, NULL),
(170, 59, 110, 22, 1428, NULL),
(171, 59, 110, 63, 1427, NULL),
(172, 60, 102, 79, 1134, NULL),
(173, 60, 102, 2, 1134, NULL),
(174, 60, 102, 30, 1133, NULL),
(175, 61, 118, 56, 1442, NULL),
(176, 61, 118, 59, 1441, NULL),
(177, 61, 106, 69, 1078, NULL),
(178, 61, 106, 81, 1078, NULL),
(179, 62, 103, 41, 1057, NULL),
(180, 62, 103, 47, 1057, NULL),
(181, 62, 103, 75, 1057, NULL),
(182, 62, 103, 44, 1057, NULL),
(183, 62, 111, 45, 1201, NULL),
(184, 63, 109, 45, 1350, NULL),
(185, 63, 109, 66, 1350, NULL),
(186, 63, 119, 9, 1266, NULL),
(187, 63, 119, 58, 1266, NULL),
(188, 64, 108, 8, 1400, NULL),
(189, 64, 108, 89, 1408, NULL),
(190, 64, 108, 25, 1408, NULL),
(191, 64, 120, 89, 1245, NULL),
(192, 64, 120, 6, 1246, NULL),
(193, 65, 110, 6, 1427, NULL),
(194, 65, 104, 81, 1018, NULL),
(195, 65, 104, 46, 1009, NULL),
(196, 65, 104, 72, 1018, NULL),
(197, 66, 114, 39, 1294, NULL),
(198, 66, 114, 53, 1279, NULL),
(199, 66, 112, 81, 1106, NULL),
(200, 66, 112, 21, 1089, NULL),
(201, 68, 105, 26, 1377, NULL),
(202, 68, 105, 58, 1387, NULL),
(203, 69, 101, 51, 1168, NULL),
(204, 69, 101, 10, 1168, NULL),
(205, 69, 101, 5, 1168, NULL),
(206, 70, 105, 65, 1377, NULL),
(207, 70, 105, 59, 1382, NULL),
(208, 70, 103, 29, 1057, NULL),
(209, 70, 103, 56, 1057, NULL),
(210, 70, 103, 8, 1057, NULL),
(211, 70, 103, 87, 1068, NULL),
(212, 71, 101, 8, 1158, NULL),
(213, 71, 101, 69, 1171, NULL),
(214, 71, 101, 50, 1171, NULL),
(215, 71, 101, 12, 1171, NULL),
(216, 71, 113, 32, 1316, NULL),
(217, 71, 113, 55, 1319, NULL),
(218, 72, 109, 25, 1356, NULL),
(219, 72, 109, 81, 1358, NULL),
(220, 72, 118, 37, 1442, NULL),
(221, 73, 108, 35, 1400, NULL),
(222, 73, 102, 35, 1134, NULL),
(223, 73, 102, 26, 1133, NULL),
(224, 74, 110, 77, 1428, NULL),
(225, 74, 110, 55, 1427, NULL),
(226, 74, 110, 38, 1427, NULL),
(227, 74, 110, 78, 1414, NULL),
(228, 74, 114, 57, 1294, NULL),
(229, 75, 107, 12, 1122, NULL),
(230, 76, 112, 5, 1104, NULL),
(231, 77, 111, 74, 1212, NULL),
(232, 78, 117, 46, 1334, NULL),
(233, 78, 116, 26, 1184, NULL),
(234, 79, 120, 79, 1237, NULL),
(235, 79, 106, 79, 1078, NULL),
(236, 80, 115, 33, 1035, NULL),
(237, 80, 111, 10, 1219, NULL),
(238, 81, 104, 51, 1002, NULL),
(239, 82, 119, 81, 1266, NULL),
(240, 82, 119, 88, 1266, NULL),
(241, 82, 119, 11, 1266, NULL),
(242, 82, 112, 65, 1099, NULL),
(243, 82, 112, 76, 1104, NULL),
(244, 82, 112, 28, 1104, NULL),
(245, 84, 118, 70, 1440, NULL),
(246, 84, 118, 9, 1452, NULL),
(247, 84, 110, 43, 1430, NULL),
(248, 85, 102, 70, 1133, NULL),
(249, 86, 106, 9, 1078, NULL),
(250, 86, 106, 31, 1078, NULL),
(251, 86, 107, 13, 1128, NULL),
(252, 86, 107, 79, 1120, NULL),
(253, 87, 116, 43, 1182, NULL),
(254, 87, 116, 3, 1182, NULL),
(255, 87, 108, 32, 1389, NULL),
(256, 88, 114, 75, 1294, NULL),
(257, 88, 105, 45, 1365, NULL),
(258, 88, 105, 7, 1376, NULL),
(259, 89, 103, 69, 1049, NULL),
(260, 89, 103, 84, 1060, NULL),
(261, 89, 101, 67, 1159, NULL),
(262, 89, 101, 64, 1159, NULL),
(263, 89, 101, 17, 1173, NULL),
(264, 90, 101, 83, 1168, NULL),
(265, 90, 101, 28, 1168, NULL),
(266, 90, 104, 37, 1021, NULL),
(267, 91, 109, 17, 1350, NULL),
(268, 91, 103, 54, 1057, NULL),
(269, 92, 118, 13, 1441, NULL),
(270, 93, 115, 9, 1025, NULL),
(271, 94, 112, 78, 1089, NULL),
(272, 94, 112, 30, 1104, NULL),
(273, 94, 106, 1, 1078, NULL),
(274, 94, 106, 23, 1078, NULL),
(275, 95, 111, 26, 1211, NULL),
(276, 97, 120, 0, 1246, NULL),
(277, 97, 119, 2, 1266, NULL),
(278, 98, 107, 25, 1123, NULL),
(279, 98, 116, 3, 1184, NULL),
(280, 99, 108, 23, 1400, NULL),
(281, 99, 108, 70, 1393, NULL),
(282, 100, 114, 3, 1279, NULL),
(283, 100, 109, 56, 1358, NULL),
(284, 101, 104, 15, 1011, NULL),
(285, 101, 104, 16, 1009, NULL),
(286, 101, 104, 29, 1021, NULL),
(287, 101, 112, 30, 1106, NULL),
(288, 101, 112, 88, 1104, NULL),
(289, 101, 112, 38, 1094, NULL),
(290, 102, 106, 64, 1074, NULL),
(291, 102, 106, 18, 1085, NULL),
(292, 102, 117, 27, 1333, NULL),
(293, 104, 113, 72, 1316, NULL),
(294, 105, 118, 76, 1452, NULL),
(295, 105, 108, 82, 1400, NULL),
(296, 105, 108, 21, 1400, NULL),
(297, 106, 115, 69, 1031, NULL),
(298, 106, 115, 76, 1030, NULL),
(299, 106, 101, 45, 1168, NULL),
(300, 106, 101, 53, 1168, NULL),
(301, 106, 101, 61, 1168, NULL),
(302, 107, 102, 53, 1134, NULL),
(303, 107, 102, 58, 1134, NULL),
(304, 107, 105, 65, 1365, NULL),
(305, 108, 110, 51, 1430, NULL),
(306, 109, 103, 31, 1057, NULL),
(307, 109, 107, 23, 1120, NULL),
(308, 110, 104, 78, 1018, NULL),
(309, 110, 104, 66, 1018, NULL),
(310, 110, 104, 78, 1009, NULL),
(311, 110, 104, 75, 1011, NULL),
(312, 110, 104, 80, 1018, NULL),
(313, 110, 105, 72, 1369, NULL),
(314, 110, 105, 67, 1387, NULL),
(315, 111, 108, 38, 1393, NULL),
(316, 111, 108, 6, 1408, NULL),
(317, 111, 103, 36, 1057, NULL),
(318, 112, 119, 50, 1259, NULL),
(319, 112, 119, 45, 1270, NULL),
(320, 112, 106, 74, 1078, NULL),
(321, 113, 107, 12, 1119, NULL),
(322, 113, 107, 19, 1122, NULL),
(323, 113, 107, 76, 1119, NULL),
(324, 114, 102, 63, 1133, NULL),
(325, 114, 102, 41, 1133, NULL),
(326, 114, 102, 15, 1133, NULL),
(327, 114, 102, 16, 1133, NULL),
(328, 114, 102, 13, 1133, NULL),
(329, 115, 116, 35, 1184, NULL),
(330, 115, 109, 40, 1350, NULL),
(331, 115, 109, 38, 1358, NULL),
(332, 116, 120, 50, 1233, NULL),
(333, 116, 114, 70, 1294, NULL),
(334, 116, 114, 29, 1294, NULL),
(335, 116, 114, 75, 1294, NULL),
(336, 117, 111, 24, 1210, NULL),
(337, 118, 112, 21, 1094, NULL),
(338, 118, 117, 14, 1333, NULL),
(339, 118, 117, 17, 1339, NULL),
(340, 118, 117, 66, 1327, NULL),
(341, 119, 110, 37, 1430, NULL),
(342, 119, 113, 3, 1299, NULL),
(343, 120, 117, 5, 1334, NULL),
(344, 120, 117, 47, 1321, NULL),
(345, 120, 108, 7, 1389, NULL),
(346, 120, 108, 67, 1393, NULL),
(347, 120, 108, 88, 1393, NULL),
(348, 120, 108, 10, 1408, NULL),
(349, 121, 106, 36, 1078, NULL),
(350, 121, 111, 46, 1205, NULL),
(351, 122, 101, 9, 1158, NULL),
(352, 122, 101, 62, 1171, NULL),
(353, 122, 101, 59, 1158, NULL),
(354, 122, 120, 1, 1246, NULL),
(355, 123, 113, 51, 1319, NULL),
(356, 124, 118, 12, 1436, NULL),
(357, 124, 118, 74, 1436, NULL),
(358, 124, 118, 3, 1439, NULL),
(359, 124, 119, 76, 1266, NULL),
(360, 124, 119, 65, 1266, NULL),
(361, 127, 114, 80, 1294, NULL),
(362, 127, 114, 13, 1294, NULL),
(363, 129, 105, 14, 1369, NULL),
(364, 129, 105, 67, 1369, NULL),
(365, 129, 105, 77, 1364, NULL),
(366, 129, 110, 3, 1427, NULL),
(367, 131, 115, 84, 1031, NULL),
(368, 132, 114, 90, 1294, NULL),
(369, 132, 111, 53, 1201, NULL),
(370, 133, 113, 42, 1316, NULL),
(371, 133, 113, 45, 1316, NULL),
(372, 133, 116, 17, 1187, NULL),
(373, 134, 109, 44, 1357, NULL),
(374, 134, 109, 61, 1357, NULL),
(375, 134, 109, 52, 1350, NULL),
(376, 134, 108, 29, 1400, NULL),
(377, 135, 105, 54, 1364, NULL),
(378, 135, 105, 87, 1364, NULL),
(379, 135, 107, 37, 1118, NULL),
(380, 137, 106, 35, 1078, NULL),
(381, 137, 104, 13, 1018, NULL),
(382, 138, 101, 25, 1159, NULL),
(383, 139, 102, 28, 1134, NULL),
(384, 139, 102, 88, 1134, NULL),
(385, 140, 110, 30, 1416, NULL),
(386, 140, 110, 48, 1416, NULL),
(387, 140, 110, 23, 1416, NULL),
(388, 140, 103, 9, 1068, NULL),
(389, 141, 105, 63, 1387, NULL),
(390, 141, 105, 61, 1387, NULL),
(391, 141, 105, 23, 1387, NULL),
(392, 142, 102, 80, 1134, NULL),
(393, 142, 106, 15, 1082, NULL),
(394, 143, 109, 40, 1342, NULL),
(395, 143, 109, 31, 1350, NULL),
(396, 144, 120, 81, 1233, NULL),
(397, 144, 115, 10, 1044, NULL),
(398, 145, 113, 88, 1316, NULL),
(399, 146, 107, 8, 1128, NULL),
(400, 147, 119, 53, 1255, NULL),
(401, 147, 119, 78, 1248, NULL),
(402, 147, 119, 4, 1255, NULL),
(403, 147, 101, 6, 1168, NULL),
(404, 147, 101, 43, 1173, NULL),
(405, 147, 101, 84, 1168, NULL),
(406, 147, 101, 3, 1159, NULL),
(407, 148, 111, 35, 1218, NULL),
(408, 148, 111, 34, 1217, NULL),
(409, 148, 117, 17, 1321, NULL),
(410, 149, 116, 38, 1182, NULL),
(411, 149, 116, 58, 1184, NULL),
(412, 149, 116, 29, 1187, NULL),
(413, 150, 104, 49, 1009, NULL),
(414, 150, 104, 44, 1009, NULL),
(415, 152, 114, 73, 1279, NULL),
(416, 153, 117, 50, 1338, NULL),
(417, 153, 103, 39, 1057, NULL),
(418, 153, 103, 86, 1068, NULL),
(419, 153, 103, 29, 1068, NULL),
(420, 154, 109, 26, 1344, NULL),
(421, 154, 109, 25, 1356, NULL),
(422, 154, 109, 53, 1357, NULL),
(423, 154, 111, 16, 1213, NULL),
(424, 154, 111, 37, 1218, NULL),
(425, 154, 111, 67, 1213, NULL),
(426, 154, 111, 37, 1204, NULL),
(427, 155, 118, 45, 1439, NULL),
(428, 155, 118, 30, 1439, NULL),
(429, 155, 120, 60, 1233, NULL),
(430, 155, 120, 7, 1245, NULL),
(431, 156, 102, 50, 1133, NULL),
(432, 156, 102, 32, 1134, NULL),
(433, 156, 101, 49, 1159, NULL),
(434, 156, 101, 7, 1158, NULL),
(435, 156, 101, 21, 1159, NULL),
(436, 157, 106, 22, 1078, NULL),
(437, 157, 106, 8, 1078, NULL),
(438, 157, 105, 78, 1377, NULL),
(439, 158, 110, 62, 1416, NULL),
(440, 158, 110, 6, 1427, NULL),
(441, 158, 107, 45, 1119, NULL),
(442, 158, 107, 24, 1123, NULL),
(443, 158, 107, 45, 1119, NULL),
(444, 159, 112, 43, 1089, NULL),
(445, 159, 112, 35, 1107, NULL),
(446, 159, 116, 71, 1187, NULL),
(447, 160, 117, 57, 1330, NULL),
(448, 160, 117, 4, 1321, NULL),
(449, 160, 117, 72, 1327, NULL),
(450, 161, 116, 43, 1182, NULL),
(451, 161, 102, 31, 1134, NULL),
(452, 161, 102, 58, 1134, NULL),
(453, 161, 102, 37, 1134, NULL),
(454, 162, 120, 65, 1246, NULL),
(455, 162, 120, 6, 1246, NULL),
(456, 162, 112, 69, 1104, NULL),
(457, 163, 107, 1, 1122, NULL),
(458, 163, 115, 8, 1034, NULL),
(459, 163, 115, 22, 1033, NULL),
(460, 163, 115, 60, 1027, NULL),
(461, 164, 101, 15, 1173, NULL),
(462, 164, 101, 21, 1171, NULL),
(463, 164, 101, 71, 1173, NULL),
(464, 164, 117, 62, 1338, NULL),
(465, 165, 111, 57, 1211, NULL),
(466, 165, 111, 35, 1219, NULL),
(467, 165, 118, 43, 1436, NULL),
(468, 166, 113, 56, 1317, NULL),
(469, 166, 106, 5, 1078, NULL),
(470, 167, 105, 61, 1369, NULL),
(471, 169, 119, 30, 1266, NULL),
(472, 169, 119, 72, 1266, NULL),
(473, 169, 104, 23, 1009, NULL),
(474, 169, 104, 35, 1021, NULL),
(475, 169, 104, 82, 1018, NULL),
(476, 169, 104, 67, 1018, NULL),
(477, 169, 104, 26, 1018, NULL),
(478, 170, 104, 62, 1002, NULL),
(479, 171, 110, 49, 1416, NULL),
(480, 171, 106, 51, 1074, NULL),
(481, 171, 106, 51, 1085, NULL),
(482, 172, 102, 33, 1134, NULL),
(483, 173, 116, 11, 1184, NULL),
(484, 174, 117, 55, 1330, NULL),
(485, 175, 108, 84, 1408, NULL),
(486, 175, 108, 8, 1399, NULL),
(487, 175, 111, 47, 1210, NULL),
(488, 177, 107, 85, 1119, NULL),
(489, 177, 107, 86, 1119, NULL),
(490, 177, 107, 60, 1119, NULL),
(491, 177, 107, 20, 1118, NULL),
(492, 178, 109, 32, 1358, NULL),
(493, 178, 101, 71, 1168, NULL),
(494, 179, 103, 17, 1068, NULL),
(495, 179, 103, 38, 1057, NULL),
(496, 179, 103, 24, 1057, NULL),
(497, 179, 103, 54, 1057, NULL),
(498, 179, 103, 74, 1068, NULL),
(499, 179, 103, 72, 1057, NULL),
(500, 179, 103, 68, 1057, NULL),
(501, 179, 103, 21, 1057, NULL),
(502, 180, 117, 64, 1338, NULL),
(503, 181, 106, 62, 1078, NULL),
(504, 181, 106, 9, 1078, NULL),
(505, 181, 118, 24, 1439, NULL),
(506, 182, 112, 79, 1089, NULL),
(507, 182, 114, 77, 1279, NULL),
(508, 183, 101, 23, 1159, NULL),
(509, 183, 101, 53, 1159, NULL),
(510, 183, 101, 79, 1168, NULL),
(511, 183, 101, 29, 1168, NULL),
(512, 183, 116, 48, 1187, NULL),
(513, 183, 116, 73, 1175, NULL),
(514, 183, 116, 49, 1184, NULL),
(515, 184, 103, 55, 1057, NULL),
(516, 186, 120, 21, 1237, NULL),
(517, 186, 108, 20, 1400, NULL),
(518, 186, 108, 19, 1399, NULL),
(519, 187, 105, 13, 1387, NULL),
(520, 187, 105, 52, 1376, NULL),
(521, 187, 105, 51, 1387, NULL),
(522, 187, 105, 90, 1376, NULL),
(523, 188, 113, 20, 1299, NULL),
(524, 188, 113, 67, 1319, NULL),
(525, 188, 113, 45, 1299, NULL),
(526, 188, 107, 46, 1128, NULL),
(527, 189, 117, 59, 1330, NULL),
(528, 189, 105, 17, 1382, NULL),
(529, 189, 105, 2, 1382, NULL),
(530, 190, 118, 24, 1440, NULL),
(531, 190, 118, 12, 1442, NULL),
(532, 190, 118, 12, 1436, NULL),
(533, 191, 112, 70, 1089, NULL),
(534, 191, 109, 7, 1356, NULL),
(535, 191, 109, 23, 1356, NULL),
(536, 192, 101, 85, 1158, NULL),
(537, 192, 101, 39, 1171, NULL),
(538, 193, 111, 74, 1218, NULL),
(539, 193, 111, 72, 1219, NULL),
(540, 193, 111, 23, 1219, NULL),
(541, 193, 102, 53, 1134, NULL),
(542, 193, 102, 7, 1134, NULL),
(543, 193, 102, 28, 1133, NULL),
(544, 193, 102, 8, 1133, NULL),
(545, 194, 119, 36, 1266, NULL),
(546, 195, 113, 43, 1298, NULL),
(547, 195, 113, 88, 1299, NULL),
(548, 195, 113, 75, 1318, NULL),
(549, 195, 114, 41, 1294, NULL),
(550, 195, 114, 78, 1294, NULL),
(551, 195, 114, 68, 1294, NULL),
(552, 196, 104, 78, 1002, NULL),
(553, 196, 104, 4, 1021, NULL),
(554, 196, 104, 54, 1002, NULL),
(555, 196, 104, 50, 1018, NULL),
(556, 196, 104, 90, 1021, NULL),
(557, 196, 104, 90, 1011, NULL),
(558, 196, 104, 76, 1021, NULL),
(559, 196, 116, 57, 1184, NULL),
(560, 196, 116, 30, 1187, NULL),
(561, 196, 116, 25, 1187, NULL),
(562, 197, 106, 16, 1078, NULL),
(563, 197, 103, 29, 1068, NULL),
(564, 197, 103, 44, 1068, NULL),
(565, 198, 107, 90, 1111, NULL),
(566, 198, 107, 47, 1119, NULL),
(567, 198, 107, 44, 1120, NULL),
(568, 199, 108, 64, 1390, NULL),
(569, 199, 112, 26, 1107, NULL),
(570, 199, 112, 27, 1107, NULL),
(571, 200, 102, 87, 1134, NULL),
(572, 200, 102, 12, 1133, NULL),
(573, 200, 102, 70, 1133, NULL),
(574, 201, 109, 85, 1358, NULL),
(575, 201, 109, 69, 1357, NULL),
(576, 201, 115, 4, 1030, NULL),
(577, 201, 115, 75, 1028, NULL),
(578, 202, 105, 80, 1376, NULL),
(579, 202, 105, 20, 1377, NULL),
(580, 202, 105, 13, 1382, NULL),
(581, 202, 119, 63, 1266, NULL),
(582, 203, 110, 34, 1428, NULL),
(583, 203, 110, 1, 1416, NULL),
(584, 203, 111, 43, 1204, NULL),
(585, 204, 101, 1, 1173, NULL),
(586, 204, 101, 4, 1173, NULL),
(587, 204, 101, 28, 1173, NULL),
(588, 204, 101, 49, 1173, NULL),
(589, 205, 114, 40, 1294, NULL),
(590, 205, 104, 39, 1002, NULL),
(591, 206, 120, 63, 1246, NULL),
(592, 207, 107, 3, 1128, NULL),
(593, 207, 107, 3, 1128, NULL),
(594, 207, 107, 15, 1128, NULL),
(595, 208, 116, 16, 1175, NULL),
(596, 208, 106, 76, 1078, NULL),
(597, 208, 106, 62, 1078, NULL),
(598, 211, 119, 69, 1266, NULL),
(599, 211, 119, 76, 1266, NULL),
(600, 211, 119, 60, 1266, NULL),
(601, 211, 108, 66, 1400, NULL),
(602, 211, 108, 51, 1390, NULL),
(603, 212, 103, 39, 1057, NULL),
(604, 212, 103, 33, 1057, NULL),
(605, 212, 103, 18, 1057, NULL),
(606, 212, 103, 63, 1057, NULL),
(607, 213, 117, 16, 1333, NULL),
(608, 213, 117, 72, 1327, NULL),
(609, 213, 117, 43, 1330, NULL),
(610, 214, 112, 3, 1106, NULL),
(611, 214, 118, 37, 1448, NULL),
(612, 216, 114, 19, 1279, NULL),
(613, 217, 101, 45, 1171, NULL),
(614, 217, 101, 29, 1173, NULL),
(615, 217, 107, 24, 1128, NULL),
(616, 218, 102, 75, 1133, NULL),
(617, 218, 102, 17, 1133, NULL),
(618, 219, 103, 42, 1068, NULL),
(619, 219, 103, 84, 1068, NULL),
(620, 219, 114, 37, 1294, NULL),
(621, 219, 114, 74, 1294, NULL),
(622, 220, 107, 61, 1122, NULL),
(623, 220, 107, 43, 1120, NULL),
(624, 220, 107, 23, 1122, NULL),
(625, 220, 107, 32, 1118, NULL),
(626, 220, 107, 22, 1119, NULL),
(627, 221, 102, 51, 1133, NULL),
(628, 221, 102, 13, 1133, NULL),
(629, 222, 110, 72, 1427, NULL),
(630, 222, 120, 51, 1237, NULL),
(631, 223, 118, 42, 1448, NULL),
(632, 223, 118, 11, 1448, NULL),
(633, 223, 117, 8, 1329, NULL),
(634, 223, 117, 36, 1339, NULL),
(635, 223, 117, 49, 1331, NULL),
(636, 224, 109, 32, 1356, NULL),
(637, 224, 109, 76, 1344, NULL),
(638, 224, 109, 79, 1356, NULL),
(639, 224, 113, 34, 1319, NULL),
(640, 225, 116, 3, 1184, NULL),
(641, 225, 119, 56, 1266, NULL),
(642, 225, 119, 7, 1266, NULL),
(643, 226, 108, 58, 1390, NULL),
(644, 226, 108, 70, 1399, NULL),
(645, 226, 115, 7, 1044, NULL),
(646, 226, 115, 81, 1044, NULL),
(647, 227, 103, 35, 1057, NULL),
(648, 227, 103, 7, 1057, NULL),
(649, 227, 104, 51, 1018, NULL),
(650, 228, 105, 50, 1376, NULL),
(651, 228, 101, 34, 1159, NULL),
(652, 230, 104, 6, 1018, NULL),
(653, 230, 104, 53, 1009, NULL),
(654, 230, 104, 30, 1009, NULL),
(655, 230, 104, 40, 1011, NULL),
(656, 230, 104, 9, 1009, NULL),
(657, 230, 110, 6, 1414, NULL),
(658, 231, 113, 5, 1316, NULL),
(659, 231, 113, 2, 1299, NULL),
(660, 231, 118, 37, 1442, NULL),
(661, 231, 118, 17, 1441, NULL),
(662, 232, 115, 76, 1044, NULL),
(663, 232, 116, 1, 1175, NULL),
(664, 232, 116, 10, 1182, NULL),
(665, 235, 104, 83, 1018, NULL),
(666, 235, 104, 81, 1018, NULL),
(667, 235, 107, 10, 1111, NULL),
(668, 235, 107, 60, 1118, NULL),
(669, 236, 111, 62, 1217, NULL),
(670, 236, 105, 90, 1365, NULL),
(671, 237, 106, 1, 1078, NULL),
(672, 237, 106, 77, 1078, NULL),
(673, 237, 108, 7, 1408, NULL),
(674, 238, 101, 82, 1168, NULL),
(675, 238, 101, 84, 1168, NULL),
(676, 238, 114, 79, 1294, NULL),
(677, 239, 119, 61, 1266, NULL),
(678, 239, 119, 11, 1266, NULL),
(679, 239, 103, 26, 1068, NULL),
(680, 239, 103, 35, 1068, NULL),
(681, 240, 112, 21, 1104, NULL),
(682, 240, 112, 7, 1104, NULL),
(683, 240, 112, 1, 1100, NULL),
(684, 240, 110, 13, 1414, NULL),
(685, 242, 118, 23, 1439, NULL),
(686, 242, 118, 41, 1439, NULL),
(687, 242, 114, 27, 1294, NULL),
(688, 242, 114, 3, 1294, NULL),
(689, 243, 104, 45, 1021, NULL),
(690, 244, 106, 29, 1078, NULL),
(691, 244, 106, 14, 1078, NULL),
(692, 244, 106, 70, 1078, NULL),
(693, 244, 115, 43, 1030, NULL),
(694, 244, 115, 35, 1044, NULL),
(695, 244, 115, 34, 1044, NULL),
(696, 245, 116, 33, 1175, NULL),
(697, 245, 116, 14, 1187, NULL),
(698, 245, 116, 35, 1175, NULL),
(699, 245, 103, 3, 1068, NULL),
(700, 245, 103, 20, 1068, NULL),
(701, 246, 119, 15, 1266, NULL),
(702, 246, 119, 54, 1266, NULL),
(703, 246, 117, 4, 1333, NULL),
(704, 247, 110, 7, 1430, NULL),
(705, 248, 101, 22, 1158, NULL),
(706, 249, 105, 39, 1377, NULL),
(707, 250, 102, 49, 1133, NULL),
(708, 250, 102, 85, 1133, NULL),
(709, 250, 107, 61, 1119, NULL),
(710, 250, 107, 38, 1122, NULL),
(711, 251, 105, 9, 1365, NULL),
(712, 251, 105, 3, 1382, NULL),
(713, 251, 116, 44, 1175, NULL),
(714, 252, 103, 60, 1068, NULL),
(715, 252, 103, 78, 1068, NULL),
(716, 252, 103, 47, 1068, NULL),
(717, 252, 103, 13, 1068, NULL),
(718, 252, 118, 61, 1440, NULL),
(719, 254, 113, 80, 1298, NULL),
(720, 254, 113, 69, 1298, NULL),
(721, 254, 119, 45, 1266, NULL),
(722, 255, 104, 5, 1018, NULL),
(723, 256, 109, 78, 1358, NULL),
(724, 256, 109, 50, 1356, NULL),
(725, 256, 109, 51, 1356, NULL),
(726, 256, 109, 10, 1344, NULL),
(727, 256, 120, 43, 1241, NULL),
(728, 257, 114, 83, 1279, NULL),
(729, 257, 114, 34, 1279, NULL),
(730, 257, 114, 64, 1279, NULL),
(731, 257, 102, 70, 1134, NULL),
(732, 258, 115, 83, 1031, NULL),
(733, 258, 115, 37, 1034, NULL),
(734, 258, 110, 24, 1427, NULL),
(735, 259, 101, 76, 1158, NULL),
(736, 259, 101, 77, 1168, NULL),
(737, 260, 108, 81, 1389, NULL),
(738, 260, 108, 83, 1399, NULL),
(739, 261, 107, 61, 1119, NULL),
(740, 261, 107, 17, 1117, NULL),
(741, 261, 107, 10, 1117, NULL),
(742, 261, 107, 79, 1128, NULL),
(743, 261, 107, 58, 1118, NULL),
(744, 262, 112, 89, 1106, NULL),
(745, 263, 111, 48, 1221, NULL),
(746, 263, 111, 54, 1205, NULL),
(747, 263, 106, 84, 1078, NULL),
(748, 264, 101, 88, 1171, NULL),
(749, 264, 101, 27, 1171, NULL),
(750, 265, 118, 85, 1440, NULL),
(751, 265, 118, 13, 1441, NULL),
(752, 265, 118, 35, 1442, NULL),
(753, 266, 108, 37, 1390, NULL),
(754, 266, 108, 25, 1393, NULL),
(755, 266, 117, 84, 1334, NULL),
(756, 267, 104, 84, 1021, NULL),
(757, 267, 104, 2, 1011, NULL),
(758, 267, 115, 36, 1044, NULL),
(759, 268, 102, 25, 1133, NULL),
(760, 268, 102, 17, 1134, NULL),
(761, 269, 116, 79, 1184, NULL),
(762, 269, 116, 13, 1182, NULL),
(763, 269, 116, 57, 1175, NULL),
(764, 269, 116, 50, 1175, NULL),
(765, 269, 114, 63, 1294, NULL),
(766, 269, 114, 84, 1294, NULL),
(767, 270, 110, 3, 1416, NULL),
(768, 270, 110, 0, 1416, NULL),
(769, 270, 105, 71, 1369, NULL),
(770, 270, 105, 38, 1376, NULL),
(771, 270, 105, 60, 1376, NULL),
(772, 271, 101, 57, 1168, NULL),
(773, 271, 101, 42, 1159, NULL),
(774, 271, 101, 45, 1159, NULL),
(775, 271, 101, 76, 1159, NULL),
(776, 272, 106, 7, 1083, NULL),
(777, 272, 106, 35, 1077, NULL),
(778, 272, 106, 53, 1083, NULL),
(779, 272, 119, 13, 1266, NULL),
(780, 273, 114, 45, 1294, NULL),
(781, 273, 120, 76, 1246, NULL),
(782, 273, 120, 42, 1237, NULL),
(783, 274, 110, 6, 1416, NULL),
(784, 275, 117, 51, 1334, NULL),
(785, 275, 117, 54, 1338, NULL),
(786, 275, 112, 82, 1100, NULL),
(787, 275, 112, 27, 1104, NULL),
(788, 276, 109, 17, 1356, NULL),
(789, 277, 103, 21, 1068, NULL),
(790, 278, 107, 84, 1122, NULL),
(791, 278, 107, 51, 1120, NULL),
(792, 278, 107, 17, 1119, NULL),
(793, 278, 107, 47, 1119, NULL),
(794, 279, 105, 61, 1364, NULL),
(795, 279, 105, 70, 1364, NULL),
(796, 279, 104, 80, 1009, NULL),
(797, 280, 102, 48, 1133, NULL),
(798, 281, 120, 8, 1233, NULL),
(799, 281, 120, 11, 1241, NULL),
(800, 281, 120, 12, 1246, NULL),
(801, 281, 117, 50, 1333, NULL),
(802, 282, 119, 55, 1266, NULL),
(803, 282, 115, 38, 1044, NULL),
(804, 282, 115, 54, 1027, NULL),
(805, 283, 108, 66, 1390, NULL),
(806, 283, 108, 7, 1389, NULL),
(807, 283, 109, 4, 1357, NULL),
(808, 285, 116, 48, 1175, NULL),
(809, 285, 116, 47, 1175, NULL),
(810, 285, 113, 33, 1319, NULL),
(811, 286, 107, 29, 1117, NULL),
(812, 286, 107, 22, 1120, NULL),
(813, 286, 107, 8, 1120, NULL),
(814, 286, 105, 57, 1364, NULL),
(815, 286, 105, 27, 1369, NULL),
(816, 287, 106, 21, 1078, NULL),
(817, 287, 106, 8, 1078, NULL),
(818, 288, 104, 11, 1009, NULL),
(819, 288, 104, 85, 1002, NULL),
(820, 289, 115, 36, 1025, NULL),
(821, 289, 115, 31, 1044, NULL),
(822, 289, 115, 66, 1030, NULL),
(823, 289, 120, 67, 1245, NULL),
(824, 289, 120, 6, 1246, NULL),
(825, 290, 114, 3, 1279, NULL),
(826, 290, 114, 88, 1279, NULL),
(827, 290, 114, 41, 1294, NULL),
(828, 290, 107, 63, 1117, NULL),
(829, 292, 101, 23, 1171, NULL),
(830, 293, 117, 72, 1327, NULL),
(831, 293, 111, 26, 1213, NULL),
(832, 294, 112, 44, 1099, NULL),
(833, 295, 103, 70, 1055, NULL),
(834, 295, 103, 37, 1056, NULL),
(835, 296, 118, 26, 1448, NULL),
(836, 296, 118, 22, 1439, NULL),
(837, 296, 116, 66, 1175, NULL),
(838, 297, 101, 61, 1168, NULL),
(839, 298, 118, 89, 1436, NULL),
(840, 299, 110, 83, 1427, NULL),
(841, 299, 110, 30, 1428, NULL),
(842, 299, 110, 80, 1430, NULL),
(843, 299, 108, 10, 1408, NULL),
(844, 300, 109, 36, 1356, NULL),
(845, 300, 105, 87, 1369, NULL),
(846, 300, 105, 35, 1387, NULL),
(847, 301, 104, 87, 1011, NULL),
(848, 301, 104, 20, 1009, NULL),
(849, 301, 104, 29, 1002, NULL),
(850, 301, 104, 22, 1021, NULL),
(851, 301, 119, 29, 1266, NULL),
(852, 302, 102, 3, 1133, NULL),
(853, 302, 102, 88, 1134, NULL),
(854, 302, 102, 50, 1133, NULL),
(855, 302, 102, 33, 1133, NULL),
(856, 303, 114, 69, 1279, NULL),
(857, 303, 114, 74, 1279, NULL),
(858, 303, 103, 25, 1068, NULL),
(859, 304, 106, 53, 1078, NULL),
(860, 305, 115, 49, 1044, NULL),
(861, 305, 107, 56, 1111, NULL),
(862, 305, 107, 86, 1119, NULL),
(863, 306, 112, 57, 1104, NULL),
(864, 306, 112, 12, 1094, NULL),
(865, 306, 112, 18, 1104, NULL),
(866, 306, 120, 37, 1241, NULL),
(867, 306, 120, 65, 1246, NULL),
(868, 307, 114, 89, 1279, NULL),
(869, 307, 114, 10, 1279, NULL),
(870, 308, 111, 16, 1219, NULL),
(871, 308, 111, 59, 1204, NULL),
(872, 308, 109, 55, 1342, NULL),
(873, 308, 109, 21, 1350, NULL),
(874, 309, 113, 66, 1299, NULL),
(875, 309, 115, 84, 1033, NULL),
(876, 309, 115, 79, 1027, NULL),
(877, 309, 115, 38, 1030, NULL),
(878, 310, 108, 31, 1389, NULL),
(879, 310, 104, 67, 1021, NULL),
(880, 310, 104, 16, 1011, NULL),
(881, 312, 105, 18, 1382, NULL),
(882, 312, 105, 12, 1387, NULL),
(883, 312, 106, 44, 1078, NULL),
(884, 312, 106, 63, 1078, NULL),
(885, 313, 103, 46, 1057, NULL),
(886, 313, 103, 55, 1057, NULL),
(887, 313, 117, 2, 1331, NULL),
(888, 314, 116, 90, 1175, NULL),
(889, 315, 120, 5, 1233, NULL),
(890, 315, 118, 52, 1441, NULL),
(891, 316, 101, 18, 1171, NULL),
(892, 316, 102, 29, 1133, NULL),
(893, 316, 102, 38, 1133, NULL),
(894, 317, 115, 19, 1033, NULL),
(895, 317, 112, 63, 1107, NULL),
(896, 318, 106, 50, 1078, NULL),
(897, 318, 106, 19, 1078, NULL),
(898, 320, 114, 69, 1294, NULL),
(899, 320, 110, 46, 1430, NULL),
(900, 321, 104, 83, 1002, NULL),
(901, 321, 104, 58, 1018, NULL),
(902, 321, 104, 2, 1021, NULL),
(903, 321, 111, 13, 1204, NULL),
(904, 322, 117, 53, 1321, NULL),
(905, 322, 117, 4, 1338, NULL),
(906, 322, 117, 47, 1321, NULL),
(907, 323, 101, 75, 1159, NULL),
(908, 323, 101, 11, 1158, NULL),
(909, 325, 110, 48, 1414, NULL),
(910, 325, 110, 85, 1427, NULL),
(911, 325, 101, 39, 1171, NULL),
(912, 325, 101, 87, 1171, NULL),
(913, 326, 102, 12, 1133, NULL),
(914, 327, 103, 34, 1068, NULL),
(915, 327, 103, 47, 1057, NULL),
(916, 327, 103, 51, 1057, NULL),
(917, 328, 111, 44, 1211, NULL),
(918, 328, 111, 38, 1204, NULL),
(919, 328, 119, 39, 1266, NULL),
(920, 329, 104, 14, 1009, NULL),
(921, 330, 113, 66, 1317, NULL),
(922, 330, 113, 69, 1317, NULL),
(923, 331, 117, 83, 1327, NULL),
(924, 333, 108, 72, 1399, NULL),
(925, 333, 116, 23, 1175, NULL),
(926, 334, 110, 36, 1427, NULL),
(927, 334, 110, 31, 1416, NULL),
(928, 335, 105, 21, 1387, NULL),
(929, 335, 105, 46, 1387, NULL),
(930, 335, 105, 52, 1369, NULL),
(931, 335, 102, 63, 1133, NULL),
(932, 336, 107, 1, 1111, NULL),
(933, 336, 107, 1, 1122, NULL),
(934, 336, 103, 30, 1068, NULL),
(935, 336, 103, 25, 1068, NULL),
(936, 337, 101, 42, 1171, NULL),
(937, 337, 101, 79, 1159, NULL),
(938, 337, 101, 79, 1159, NULL),
(939, 338, 102, 67, 1133, NULL),
(940, 338, 102, 37, 1133, NULL),
(941, 338, 110, 49, 1430, NULL),
(942, 339, 106, 76, 1078, NULL),
(943, 340, 108, 78, 1408, NULL),
(944, 340, 108, 45, 1389, NULL),
(945, 340, 108, 11, 1393, NULL),
(946, 341, 113, 33, 1317, NULL),
(947, 342, 118, 58, 1440, NULL),
(948, 342, 118, 29, 1440, NULL),
(949, 342, 105, 82, 1369, NULL),
(950, 342, 105, 81, 1387, NULL),
(951, 343, 107, 77, 1128, NULL),
(952, 343, 107, 55, 1117, NULL),
(953, 343, 107, 54, 1120, NULL),
(954, 343, 107, 13, 1111, NULL),
(955, 343, 107, 51, 1117, NULL),
(956, 343, 107, 72, 1128, NULL),
(957, 345, 103, 39, 1068, NULL),
(958, 345, 103, 19, 1057, NULL),
(959, 346, 104, 47, 1021, NULL),
(960, 346, 101, 20, 1158, NULL),
(961, 347, 115, 10, 1044, NULL),
(962, 347, 115, 21, 1028, NULL),
(963, 347, 115, 74, 1028, NULL),
(964, 347, 115, 52, 1035, NULL),
(965, 347, 115, 10, 1044, NULL),
(966, 347, 115, 16, 1035, NULL),
(967, 347, 117, 25, 1334, NULL),
(968, 348, 108, 66, 1390, NULL),
(969, 348, 108, 85, 1389, NULL),
(970, 348, 118, 82, 1452, NULL),
(971, 348, 118, 54, 1442, NULL),
(972, 348, 118, 69, 1452, NULL),
(973, 351, 112, 30, 1089, NULL),
(974, 351, 112, 60, 1104, NULL),
(975, 351, 119, 82, 1266, NULL),
(976, 351, 119, 80, 1266, NULL),
(977, 351, 119, 84, 1266, NULL),
(978, 351, 119, 32, 1266, NULL),
(979, 352, 111, 66, 1205, NULL),
(980, 352, 115, 34, 1034, NULL),
(981, 352, 115, 38, 1027, NULL),
(982, 353, 105, 62, 1364, NULL),
(983, 354, 104, 47, 1002, NULL),
(984, 356, 103, 82, 1068, NULL),
(985, 357, 117, 2, 1327, NULL),
(986, 357, 113, 88, 1317, NULL),
(987, 358, 102, 68, 1134, NULL),
(988, 359, 118, 7, 1441, NULL),
(989, 359, 118, 9, 1448, NULL),
(990, 359, 109, 39, 1356, NULL),
(991, 359, 109, 9, 1356, NULL),
(992, 359, 109, 54, 1357, NULL),
(993, 360, 103, 39, 1057, NULL),
(994, 360, 103, 61, 1057, NULL),
(995, 360, 105, 29, 1376, NULL),
(996, 360, 105, 5, 1376, NULL),
(997, 361, 115, 75, 1025, NULL),
(998, 361, 103, 19, 1057, NULL),
(999, 361, 103, 47, 1057, NULL),
(1000, 362, 113, 46, 1319, NULL),
(1001, 362, 105, 16, 1387, NULL),
(1002, 362, 105, 53, 1382, NULL),
(1003, 363, 106, 54, 1078, NULL),
(1004, 363, 106, 9, 1078, NULL),
(1005, 364, 112, 55, 1089, NULL),
(1006, 364, 107, 38, 1120, NULL),
(1007, 364, 107, 81, 1123, NULL),
(1008, 364, 107, 60, 1120, NULL),
(1009, 365, 111, 39, 1212, NULL),
(1010, 365, 111, 9, 1213, NULL),
(1011, 365, 111, 9, 1212, NULL),
(1012, 365, 111, 23, 1204, NULL),
(1013, 366, 117, 39, 1331, NULL),
(1014, 366, 114, 82, 1294, NULL),
(1015, 367, 120, 70, 1245, NULL),
(1016, 367, 116, 86, 1175, NULL),
(1017, 367, 116, 18, 1175, NULL),
(1018, 368, 101, 46, 1171, NULL),
(1019, 368, 101, 18, 1171, NULL),
(1020, 368, 109, 27, 1342, NULL),
(1021, 369, 104, 46, 1018, NULL),
(1022, 369, 104, 67, 1009, NULL),
(1023, 369, 104, 66, 1009, NULL),
(1024, 369, 104, 37, 1021, NULL),
(1025, 369, 118, 81, 1437, NULL),
(1026, 370, 102, 13, 1133, NULL),
(1027, 370, 102, 68, 1133, NULL),
(1028, 371, 118, 46, 1440, NULL),
(1029, 371, 118, 42, 1439, NULL),
(1030, 371, 115, 39, 1025, NULL),
(1031, 371, 115, 67, 1031, NULL),
(1032, 372, 103, 89, 1057, NULL),
(1033, 372, 103, 31, 1057, NULL),
(1034, 372, 106, 59, 1078, NULL),
(1035, 373, 107, 20, 1123, NULL),
(1036, 374, 102, 62, 1133, NULL),
(1037, 374, 102, 57, 1133, NULL),
(1038, 374, 111, 84, 1213, NULL),
(1039, 374, 111, 10, 1213, NULL),
(1040, 374, 111, 16, 1213, NULL),
(1041, 375, 104, 78, 1021, NULL),
(1042, 376, 114, 37, 1294, NULL),
(1043, 376, 113, 7, 1317, NULL),
(1044, 377, 112, 68, 1100, NULL),
(1045, 377, 112, 47, 1100, NULL),
(1046, 377, 112, 68, 1094, NULL),
(1047, 378, 105, 46, 1382, NULL),
(1048, 379, 108, 65, 1393, NULL),
(1049, 379, 108, 31, 1408, NULL),
(1050, 379, 108, 43, 1393, NULL),
(1051, 379, 108, 90, 1390, NULL),
(1052, 379, 108, 46, 1390, NULL),
(1053, 379, 101, 75, 1171, NULL),
(1054, 379, 101, 90, 1171, NULL),
(1055, 379, 101, 52, 1171, NULL),
(1056, 379, 101, 88, 1171, NULL),
(1057, 379, 101, 35, 1168, NULL),
(1058, 380, 110, 30, 1427, NULL),
(1059, 380, 110, 81, 1427, NULL),
(1060, 380, 110, 1, 1416, NULL),
(1061, 380, 110, 2, 1430, NULL),
(1062, 380, 119, 45, 1266, NULL),
(1063, 380, 119, 6, 1266, NULL);

-- --------------------------------------------------------

--
-- Table structure for table `player`
--

CREATE TABLE `player` (
  `PlayerID` int(11) NOT NULL,
  `FullName` varchar(40) DEFAULT NULL,
  `ClubID` int(11) DEFAULT NULL,
  `DOB` date DEFAULT NULL,
  `Position` varchar(40) DEFAULT NULL,
  `Nationality` varchar(40) DEFAULT NULL,
  `Number` char(10) CHARACTER SET utf8 DEFAULT NULL
) ENGINE=InnoDB DEFAULT CHARSET=utf8mb4;

--
-- Dumping data for table `player`
--

INSERT INTO `player` (`PlayerID`, `FullName`, `ClubID`, `DOB`, `Position`, `Nationality`, `Number`) VALUES
(1127, 'Martin Skrtel', 107, NULL, 'DF', 'Spain', '24'),
(1128, 'Luis Suarez.', 107, NULL, 'FW', 'Spain', '2'),
(1130, 'Micah Richards', 102, NULL, 'MF', 'Spain', '1'),
(1131, 'Vincent Kompany', 102, NULL, 'MF', 'Spain', '17'),
(1132, 'Pablo Zabaleta', 102, NULL, 'MF', 'Portugal', '25'),
(1133, 'Joleon Lescott', 102, NULL, 'FW', 'Netherlands', '22'),
(1134, 'James Milner', 102, NULL, 'FW', 'Spain', '3'),
(1135, 'Samir Nasri', 102, NULL, 'MF', 'Portugal', '20'),
(1136, 'Edin Dzeko', 102, NULL, 'MF', 'Italy', '6'),
(1137, 'Scott Sinclair', 102, NULL, 'GK', 'Spain', '12'),
(1138, 'Aleksandar Kolarov', 102, NULL, 'GK', 'Spain', '9'),
(1139, 'Sergio Aguero', 102, NULL, 'GK', 'Spain', '15'),
(1140, 'Gareth Barry', 102, NULL, 'MF', 'Spain', '4'),
(1141, 'David Silva', 102, NULL, 'DF', 'Switzerland', '10'),
(1142, 'Gael Clichy', 102, NULL, 'MF', 'Mexico', '16'),
(1143, 'Kolo Toure', 102, NULL, 'GK', 'Spain', '11'),
(1144, 'Richard Wright', 102, NULL, 'GK', 'Spain', '7'),
(1145, 'Costel Pantilimon', 102, NULL, 'DF', 'Spain', '18'),
(1146, 'Carlos Tevez', 102, NULL, 'MF', 'Italy', '14'),
(1147, 'Yaya Toure', 102, NULL, 'DF', 'Portugal', '5'),
(1148, 'Maicon', 102, NULL, 'GK', 'Italy', '13'),
(1149, 'Javi Garcia', 102, NULL, 'MF', 'England', '21'),
(1150, 'Mario Balotelli.', 102, NULL, 'DF', 'Mexico', '8'),
(1153, 'Alexander Buttner', 101, NULL, 'MF', 'England', '2'),
(1154, 'Michael Carrick', 101, NULL, 'MF', 'Germany', '23'),
(1155, 'Javier Hernandez', 101, NULL, 'MF', 'Switzerland', '1'),
(1156, 'Tom Cleverley', 101, NULL, 'GK', 'Italy', '17'),
(1157, 'David De Gea', 101, NULL, 'DF', 'United States', '25'),
(1158, 'Jonathan Evans', 101, NULL, 'FW', 'Italy', '22'),
(1159, 'Patrice Evra', 101, NULL, 'FW', 'Brazil', '3'),
(1160, 'Rio Ferdinand', 101, NULL, 'GK', 'United States', '20'),
(1161, 'Darren Fletcher', 101, NULL, 'DF', 'Italy', '6'),
(1162, 'Ryan Giggs', 101, NULL, 'DF', 'Spain', '12'),
(1163, 'Shinji Kagawa', 101, NULL, 'GK', 'Spain', '9'),
(1164, 'Anders Lindegaard', 101, NULL, 'DF', 'Belgium', '15'),
(1165, 'Nani', 101, NULL, 'MF', 'England', '4'),
(1166, 'Rafael da Silva', 101, NULL, 'DF', 'England', '10'),
(1167, 'Wayne Rooney', 101, NULL, 'MF', 'Netherlands', '16'),
(1168, 'Paul Scholes', 101, NULL, 'FW', 'Italy', '11'),
(1169, 'Chris Smalling', 101, NULL, 'DF', 'Spain', '7'),
(1170, 'Luis Antonio Valencia', 101, NULL, 'GK', 'England', '18'),
(1171, 'Robin Van Persie', 101, NULL, 'FW', 'Germany', '14'),
(1172, 'Nemanja Vidic', 101, NULL, 'DF', 'Switzerland', '5'),
(1173, 'Daniel Welbeck', 101, NULL, 'FW', 'Spain', '13'),
(1174, 'Ashley Young.', 101, NULL, 'MF', 'Spain', '21'),
(1176, 'Shola Ameobi', 116, NULL, 'GK', 'Netherlands', '19'),
(1177, 'Vurnon Anita', 116, NULL, 'DF', 'England', '24'),
(1178, 'Demba Ba', 116, NULL, 'MF', 'Spain', '2'),
(1179, 'Hatem Ben Arfa', 116, NULL, 'GK', 'Mexico', '23'),
(1180, 'Yohan Cabaye', 116, NULL, 'MF', 'Belgium', '1'),
(1181, 'Papiss Cisse', 116, NULL, 'GK', 'Argentina', '17'),
(1182, 'Fabricio Coloccini', 116, NULL, 'FW', 'Mexico', '25'),
(1183, 'Robert Elliot', 116, NULL, 'GK', 'Belgium', '22'),
(1184, 'Dan Gosling', 116, NULL, 'FW', 'England', '3'),
(1185, 'Stephen Harper', 116, NULL, 'MF', 'Portugal', '20'),
(1186, 'Jonas Gutierrez', 116, NULL, 'DF', 'United States', '6'),
(1187, 'Timothy Krul', 116, NULL, 'FW', 'Spain', '12'),
(1188, 'Sylvain Marveaux', 116, NULL, 'DF', 'Mexico', '9'),
(1189, 'Gabriel Obertan', 116, NULL, 'GK', 'United States', '15'),
(1190, 'James Perch', 116, NULL, 'GK', 'Argentina', '4'),
(1191, 'Daniel Simpson', 116, NULL, 'MF', 'Belgium', '10'),
(1192, 'Ryan Taylor', 116, NULL, 'GK', 'Italy', '16'),
(1193, 'Steven Taylor', 116, NULL, 'MF', 'England', '11'),
(1194, 'Cheick Tiote', 116, NULL, 'GK', 'England', '7'),
(1195, 'Mike Williamson', 116, NULL, 'DF', 'Netherlands', '18'),
(1196, 'Xisco.', 116, NULL, 'DF', 'Portugal', '14'),
(1197, 'Leon Barnett', 111, NULL, 'GK', 'Argentina', '5'),
(1198, 'Sebastian Bassong', 111, NULL, 'MF', 'England', '13'),
(1199, 'Elliott Bennett', 111, NULL, 'DF', 'Brazil', '21'),
(1200, 'Ryan Bennett', 111, NULL, 'GK', 'Argentina', '8'),
(1201, 'Mark Bunn', 111, NULL, 'FW', 'Spain', '19'),
(1202, 'Jacob Butterfield', 111, NULL, 'MF', 'Portugal', '24'),
(1203, 'David Fox', 111, NULL, 'MF', 'Brazil', '2'),
(1204, 'Javier Garrido', 111, NULL, 'FW', 'Spain', '23'),
(1205, 'Grant Holt', 111, NULL, 'FW', 'Italy', '1'),
(1206, 'Wesley Hoolahan', 111, NULL, 'DF', 'Spain', '17'),
(1207, 'Jonathan Howson', 111, NULL, 'MF', 'Netherlands', '25'),
(1208, 'Simeon Jackson', 111, NULL, 'DF', 'England', '22'),
(1209, 'Bradley Johnson', 111, NULL, 'MF', 'Spain', '3'),
(1210, 'Simon Lappin', 111, NULL, 'FW', 'Belgium', '20'),
(1211, 'Chris Martin', 111, NULL, 'FW', 'Italy', '6'),
(1212, 'Russell Martin', 111, NULL, 'FW', 'England', '12'),
(1213, 'Steven Morison', 111, NULL, 'FW', 'Spain', '9'),
(1214, 'Anthony Pilkington', 111, NULL, 'GK', 'Mexico', '15'),
(1215, 'John Ruddy', 111, NULL, 'MF', 'Belgium', '4'),
(1216, 'Robert Snodgrass', 111, NULL, 'GK', 'England', '10'),
(1217, 'Andrew Surman', 111, NULL, 'FW', 'Spain', '16'),
(1218, 'Alexander Tettey', 111, NULL, 'FW', 'Spain', '11'),
(1219, 'Marc Tierney', 111, NULL, 'FW', 'Mexico', '7'),
(1220, 'Michael Turner', 111, NULL, 'GK', 'Brazil', '18'),
(1221, 'Steven Whittaker.', 111, NULL, 'FW', 'England', '14'),
(1222, 'Robert Green', 120, NULL, 'GK', 'England', '5'),
(1223, 'Samba Diakite', 120, NULL, 'GK', 'Argentina', '13'),
(1224, 'Armand Traore', 120, NULL, 'GK', 'Germany', '21'),
(1225, 'Shaun Derry', 120, NULL, 'MF', 'Argentina', '8'),
(1226, 'Anton Ferdinand', 120, NULL, 'MF', 'Brazil', '19'),
(1227, 'Clinton Hill', 120, NULL, 'GK', 'Spain', '24'),
(1228, 'Ji-Sung Park', 120, NULL, 'MF', 'Netherlands', '2'),
(1229, 'Andrew Johnson', 120, NULL, 'MF', 'Spain', '23'),
(1230, 'Djibril Cisse', 120, NULL, 'MF', 'Mexico', '1'),
(1231, 'Adel Taarabt', 120, NULL, 'GK', 'England', '17'),
(1232, 'Bradley Wright-Phillips', 120, NULL, 'GK', 'Spain', '25'),
(1233, 'James Mackie', 120, NULL, 'FW', 'England', '22'),
(1234, 'Nedum Onuoha', 120, NULL, 'GK', 'Spain', '3'),
(1235, 'Stephane Mbia', 120, NULL, 'GK', 'Spain', '20'),
(1236, 'Ryan Nelsen', 120, NULL, 'GK', 'Portugal', '6'),
(1237, 'Kieron Dyer', 120, NULL, 'FW', 'Italy', '12'),
(1238, 'Fabio da Silva', 120, NULL, 'GK', 'Spain', '9'),
(1239, 'Hogan Ephraim', 120, NULL, 'DF', 'Spain', '15'),
(1240, 'David Wayne Hoilett', 120, NULL, 'MF', 'Spain', '4'),
(1241, 'Brian Murphy', 120, NULL, 'FW', 'Italy', '10'),
(1242, 'Robert Zamora', 120, NULL, 'GK', 'Belgium', '16'),
(1243, 'Julio Cesar', 120, NULL, 'GK', 'England', '11'),
(1244, 'Alejandro Faurlin', 120, NULL, 'MF', 'Belgium', '7'),
(1245, 'Esteban Granero', 120, NULL, 'FW', 'Portugal', '18'),
(1247, 'Simon Church', 119, NULL, 'GK', 'Spain', '5'),
(1248, 'Shaun Cummings', 119, NULL, 'MF', 'Argentina', '13'),
(1249, 'Christopher Gunter', 119, NULL, 'MF', 'Spain', '21'),
(1250, 'Danny Guthrie', 119, NULL, 'GK', 'Belgium', '8'),
(1251, 'Ian Harte', 119, NULL, 'DF', 'Germany', '19'),
(1252, 'Jem Karacan', 119, NULL, 'GK', 'Germany', '24'),
(1253, 'Adam Le Fondre', 119, NULL, 'DF', 'England', '2'),
(1254, 'Mikele Leigertwood', 119, NULL, 'MF', 'England', '23'),
(1255, 'Joel McAnuff', 119, NULL, 'MF', 'Portugal', '1'),
(1256, 'Alex McCarthy', 119, NULL, 'DF', 'Spain', '17'),
(1257, 'Garath McCleary', 119, NULL, 'MF', 'Spain', '25'),
(1258, 'Adrian Mariappa', 119, NULL, 'GK', 'United States', '22'),
(1259, 'Alexander Pearce', 119, NULL, 'DF', 'England', '3'),
(1260, 'Jason Roberts', 119, NULL, 'MF', 'England', '20'),
(1261, 'Thomas Robson-Kanu', 119, NULL, 'DF', 'Belgium', '6'),
(1262, 'Nicholas Shorey', 119, NULL, 'GK', 'Spain', '12'),
(1263, 'Jay Tabb', 119, NULL, 'GK', 'Germany', '9'),
(1264, 'Stuart Taylor', 119, NULL, 'DF', 'Portugal', '15'),
(1265, 'Mikkel Andersen', 119, NULL, 'MF', 'Spain', '4'),
(1266, 'Adam Federici', 119, NULL, 'FW', 'Spain', '10'),
(1267, 'Kaspars Gorkss', 119, NULL, 'GK', 'Portugal', '16'),
(1268, 'Brynjar Gunnarsson', 119, NULL, 'DF', 'Germany', '11'),
(1269, 'Noel Hunt', 119, NULL, 'MF', 'England', '7'),
(1270, 'Jimmy Kebe', 119, NULL, 'GK', 'England', '18'),
(1271, 'Pavel Pogrebnyak.', 119, NULL, 'MF', 'Argentina', '14'),
(1272, 'Daniel Butterfield', 114, NULL, 'GK', 'Mexico', '5'),
(1273, 'Richard Chaplow', 114, NULL, 'MF', 'Mexico', '13'),
(1274, 'Jack Cork', 114, NULL, 'MF', 'England', '21'),
(1275, 'Kelvin Davis', 114, NULL, 'GK', 'Spain', '8'),
(1276, 'Steven Davis', 114, NULL, 'GK', 'Italy', '19'),
(1277, 'Steve De Ridder', 114, NULL, 'MF', 'Mexico', '24'),
(1278, 'Ryan Dickson', 114, NULL, 'GK', 'Spain', '2'),
(1279, 'Guilherme Do Prado', 114, NULL, 'FW', 'Belgium', '23'),
(1280, 'Jose Fonte', 114, NULL, 'DF', 'Argentina', '1'),
(1281, 'Jonathan Forte', 114, NULL, 'GK', 'England', '17'),
(1282, 'Daniel Fox', 114, NULL, 'MF', 'Germany', '25'),
(1283, 'Jos Hooiveld', 114, NULL, 'DF', 'Belgium', '22'),
(1284, 'Adam Lallana', 114, NULL, 'GK', 'Belgium', '3'),
(1285, 'Rickie Lambert', 114, NULL, 'GK', 'United States', '20'),
(1286, 'Tadanari Lee', 114, NULL, 'GK', 'Belgium', '6'),
(1287, 'Emmanuel Mayuka', 114, NULL, 'DF', 'Spain', '12'),
(1288, 'Jason Puncheon', 114, NULL, 'GK', 'Mexico', '9'),
(1289, 'Gaston Ramirez', 114, NULL, 'DF', 'Argentina', '15'),
(1290, 'Frazer Richardson', 114, NULL, 'MF', 'Switzerland', '4'),
(1291, 'Jay Rodriguez', 114, NULL, 'MF', 'Spain', '10'),
(1292, 'Morgan Schneiderlin', 114, NULL, 'MF', 'Mexico', '16'),
(1293, 'Daniel Seaborne', 114, NULL, 'MF', 'Spain', '11'),
(1294, 'Maya Yoshida.', 114, NULL, 'FW', 'United States', '7'),
(1295, 'Charlie Adam', 113, NULL, 'MF', 'Netherlands', '18'),
(1296, 'Asmir Begovic', 113, NULL, 'GK', 'Germany', '14'),
(1297, 'Geoff Cameron', 113, NULL, 'DF', 'England', '5'),
(1298, 'Peter Crouch', 113, NULL, 'FW', 'Switzerland', '13'),
(1299, 'Rory Delap', 113, NULL, 'FW', 'Spain', '21'),
(1300, 'Maurice Edu', 113, NULL, 'FW', 'Germany', '8'),
(1301, 'Matthew Etherington', 113, NULL, 'DF', 'Italy', '19'),
(1302, 'Robert Huth', 113, NULL, 'MF', 'Spain', '24'),
(1303, 'Cameron Jerome', 113, NULL, 'GK', 'Switzerland', '2'),
(1304, 'Kenwyne Jones', 113, NULL, 'GK', 'Portugal', '23'),
(1305, 'Michael Kightly', 113, NULL, 'MF', 'Netherlands', '1'),
(1306, 'Carlo Nash', 113, NULL, 'DF', 'Italy', '17'),
(1307, 'Steven N’Zonzi', 113, NULL, 'MF', 'Italy', '25'),
(1308, 'Michael Owen', 113, NULL, 'DF', 'Portugal', '22'),
(1309, 'Wilson Palacios', 113, NULL, 'MF', 'Spain', '3'),
(1310, 'Jermaine Pennant', 113, NULL, 'DF', 'Spain', '20'),
(1311, 'Ryan Shawcross', 113, NULL, 'DF', 'Spain', '6'),
(1312, 'Ryan Shotton', 113, NULL, 'GK', 'Portugal', '12'),
(1313, 'Thomas Sorensen', 113, NULL, 'MF', 'Spain', '9'),
(1314, 'Matthew Upson', 113, NULL, 'MF', 'Spain', '15'),
(1315, 'Jonathan Walters', 113, NULL, 'MF', 'England', '4'),
(1316, 'Glenn Whelan', 113, NULL, 'FW', 'United States', '10'),
(1317, 'Dean Whitehead', 113, NULL, 'FW', 'England', '16'),
(1318, 'Andy Wilkinson', 113, NULL, 'FW', 'Mexico', '11'),
(1319, 'Marc Wilson.', 113, NULL, 'FW', 'United States', '7'),
(1320, 'Phillip Bardsley', 117, NULL, 'DF', 'England', '18'),
(1321, 'Titus Bramble', 117, NULL, 'FW', 'Spain', '14'),
(1322, 'Wesley Brown', 117, NULL, 'DF', 'Portugal', '5'),
(1323, 'Frazier Campbell', 117, NULL, 'DF', 'Italy', '13'),
(1324, 'Lee Cattermole', 117, NULL, 'DF', 'Portugal', '21'),
(1325, 'Jack Colback', 117, NULL, 'DF', 'England', '8'),
(1326, 'Carlos Cuellar', 117, NULL, 'GK', 'Netherlands', '19'),
(1327, 'Steven Fletcher', 117, NULL, 'FW', 'Spain', '24'),
(1328, 'Craig Gardner', 117, NULL, 'DF', 'United States', '2'),
(1329, 'Adam Johnson', 117, NULL, 'FW', 'England', '23'),
(1330, 'Matthew Kilgallon', 117, NULL, 'FW', 'Mexico', '1'),
(1331, 'Sebastian Larsson', 117, NULL, 'FW', 'England', '17'),
(1332, 'James McClean', 117, NULL, 'MF', 'England', '25'),
(1333, 'David Meyler', 117, NULL, 'FW', 'Argentina', '22'),
(1334, 'Simon Mignolet', 117, NULL, 'FW', 'Italy', '3'),
(1335, 'John O\'Shea', 117, NULL, 'MF', 'Switzerland', '20'),
(1336, 'Daniel Rose', 117, NULL, 'DF', 'England', '6'),
(1337, 'Louis Saha', 117, NULL, 'GK', 'United States', '12'),
(1338, 'Stephane Sessegnon', 117, NULL, 'FW', 'England', '9'),
(1339, 'David Vaughan', 117, NULL, 'FW', 'Italy', '15'),
(1340, 'Keiren Westwood.', 117, NULL, 'GK', 'Netherlands', '4'),
(1341, ' Germaine Agustien', 110, '2022-06-01', ' MF', 'Tây Ban Nha', '45'),
(1342, 'Leon Britton', 109, NULL, 'FW', 'Mexico', '16'),
(1343, 'Jonathan De Guzman', 109, NULL, 'GK', 'Italy', '11'),
(1344, 'Nathan Dyer', 109, NULL, 'FW', 'Belgium', '7'),
(1345, 'Jose Manuel Flores', 109, NULL, 'GK', 'Brazil', '18'),
(1346, 'Mark Gower', 109, NULL, 'DF', 'England', '14'),
(1347, 'Daniel Graham', 109, NULL, 'GK', 'England', '5'),
(1348, 'Pablo Hernandez', 109, NULL, 'DF', 'Portugal', '13'),
(1349, 'Sung Yeung Ki', 109, NULL, 'GK', 'Brazil', '21'),
(1350, 'Leroy Lita', 109, NULL, 'FW', 'England', '8'),
(1351, 'Michu', 109, NULL, 'MF', 'Spain', '19'),
(1352, 'Garry Monk', 109, NULL, 'DF', 'Mexico', '24'),
(1353, 'Luke Moore', 109, NULL, 'MF', 'Spain', '2'),
(1354, 'Curtis Obeng', 109, NULL, 'MF', 'England', '23'),
(1355, 'Wayne Routledge', 109, NULL, 'GK', 'Germany', '1'),
(1356, 'Etey Shechter', 109, NULL, 'FW', 'Spain', '17'),
(1357, 'Alan Tate', 109, NULL, 'FW', 'Italy', '25'),
(1358, 'Neil Taylor', 109, NULL, 'FW', 'Germany', '22'),
(1359, 'Gerhard Tremmel', 109, NULL, 'GK', 'England', '3'),
(1360, 'Michel Vorm', 109, NULL, 'MF', 'Mexico', '20'),
(1361, 'Ashley Williams', 109, NULL, 'DF', 'Spain', '6'),
(1362, 'Angel Rangel.', 109, NULL, 'MF', 'Portugal', '12'),
(1363, 'Heurelho Gomes', 105, NULL, 'GK', 'Portugal', '9'),
(1364, 'Carlo Cudicini', 105, NULL, 'FW', 'England', '15'),
(1365, 'Bradley Friedel', 105, NULL, 'FW', 'England', '4'),
(1366, 'Hugo Lloris', 105, NULL, 'GK', 'England', '10'),
(1367, 'Younes Kaboul', 105, NULL, 'GK', 'Italy', '16'),
(1368, 'William Gallas', 105, NULL, 'MF', 'England', '11'),
(1369, 'Emmanuel Adebayor', 105, NULL, 'FW', 'Spain', '7'),
(1370, 'Jan Vertonghen', 105, NULL, 'MF', 'Spain', '18'),
(1371, 'Benoit Assou-Ekotto', 105, NULL, 'GK', 'Spain', '14'),
(1372, 'Sandro', 105, NULL, 'DF', 'United States', '5'),
(1373, 'Yago Falque', 105, NULL, 'DF', 'Mexico', '13'),
(1374, 'Gylfi Sigurdsson', 105, NULL, 'MF', 'England', '21'),
(1375, 'Clint Dempsey', 105, NULL, 'GK', 'Spain', '8'),
(1376, 'Aaron Lennon', 105, NULL, 'FW', 'England', '19'),
(1377, 'Kyle Walker', 105, NULL, 'FW', 'Belgium', '24'),
(1378, 'Kyle Naughton', 105, NULL, 'MF', 'Spain', '2'),
(1379, 'Michael Dawson', 105, NULL, 'GK', 'Portugal', '23'),
(1380, 'Mousa Dembele', 105, NULL, 'DF', 'England', '1'),
(1381, 'Thomas Huddlestone', 105, NULL, 'MF', 'England', '17'),
(1382, 'Scott Parker', 105, NULL, 'FW', 'Mexico', '25'),
(1383, 'Jake Livermore', 105, NULL, 'MF', 'Portugal', '22'),
(1384, 'Jermaine Jenas', 105, NULL, 'DF', 'Portugal', '3'),
(1385, 'Gareth Bale', 105, NULL, 'DF', 'Spain', '20'),
(1386, 'Jermain Defoe', 105, NULL, 'DF', 'Spain', '6'),
(1387, 'David Bentley.', 105, NULL, 'FW', 'England', '12'),
(1388, 'Christopher Brunt', 108, NULL, 'GK', 'England', '9'),
(1389, 'Luke Daniels', 108, NULL, 'FW', 'England', '15'),
(1390, 'Craig Dawson', 108, NULL, 'FW', 'England', '4'),
(1391, 'Graham Dorrans', 108, NULL, 'MF', 'Spain', '10'),
(1392, 'Yassine El Ghanassy', 108, NULL, 'MF', 'Brazil', '16'),
(1393, 'Marc-Antoine Fortune', 108, NULL, 'FW', 'England', '11'),
(1394, 'Ben Foster', 108, NULL, 'MF', 'Brazil', '7'),
(1395, 'Zoltan Gera', 108, NULL, 'DF', 'Netherlands', '18'),
(1396, 'Gonzalo Jara', 108, NULL, 'DF', 'England', '14'),
(1397, 'Billy Jones', 108, NULL, 'DF', 'Italy', '5'),
(1398, 'Shane Long', 108, NULL, 'DF', 'Portugal', '13'),
(1399, 'Gareth McAuley', 108, NULL, 'FW', 'England', '21'),
(1400, 'James Morrison', 108, NULL, 'FW', 'Belgium', '8'),
(1401, 'Youssouf Mulumbu', 108, NULL, 'DF', 'United States', '19'),
(1402, 'Glyn Myhill', 108, NULL, 'MF', 'England', '24'),
(1403, 'Peter Odemwingie', 108, NULL, 'GK', 'Spain', '2'),
(1405, 'Goran Popov', 108, NULL, 'MF', 'Mexico', '1'),
(1406, 'Steven Reid', 108, NULL, 'GK', 'England', '17'),
(1407, 'Liam Ridgewell', 108, NULL, 'DF', 'Italy', '25'),
(1408, 'Nils Rosenberg', 108, NULL, 'FW', 'England', '22'),
(1409, 'Gabriel Tamas', 108, NULL, 'DF', 'Spain', '3'),
(1410, 'Jerome Thomas', 108, NULL, 'DF', 'United States', '20'),
(1411, 'Claudio Yacob.', 108, NULL, 'DF', 'England', '6'),
(1412, 'Yossi Benayoun', 110, NULL, 'MF', 'Argentina', '12'),
(1413, 'Andrew Carroll', 110, NULL, 'DF', 'England', '9'),
(1414, 'Carlton Cole', 110, NULL, 'FW', 'Argentina', '15'),
(1415, 'James Collins', 110, NULL, 'MF', 'Belgium', '4'),
(1416, 'Jack Collison', 110, NULL, 'FW', 'Netherlands', '10'),
(1417, 'Guy Demel', 110, NULL, 'MF', 'Portugal', '16'),
(1418, 'Mohamed Diame', 110, NULL, 'MF', 'Italy', '11'),
(1419, 'Alou Diarra', 110, NULL, 'GK', 'Spain', '7'),
(1420, 'Stephen Henderson', 110, NULL, 'GK', 'Spain', '18'),
(1421, 'Jussi Jaaskelainen', 110, NULL, 'DF', 'Argentina', '14'),
(1422, 'Matthew Jarvis', 110, NULL, 'GK', 'England', '5'),
(1423, 'Modibo Maiga', 110, NULL, 'MF', 'England', '13'),
(1424, 'George McCartney', 110, NULL, 'GK', 'Netherlands', '21'),
(1425, 'Mark Noble', 110, NULL, 'GK', 'Mexico', '8'),
(1426, 'Kevin Nolan', 110, NULL, 'MF', 'England', '19'),
(1427, 'Joseph O\'Brien', 110, NULL, 'FW', 'Italy', '24'),
(1428, 'Gary O\'Neil', 110, NULL, 'FW', 'Netherlands', '2'),
(1429, 'Winston Reid', 110, NULL, 'GK', 'Netherlands', '23'),
(1430, 'Jordan Spence', 110, NULL, 'FW', 'Spain', '1'),
(1431, 'Matthew Taylor', 110, NULL, 'MF', 'Brazil', '17'),
(1432, 'James Tomkins', 110, NULL, 'GK', 'Spain', '25'),
(1433, 'Ricardo Vaz Te.', 110, NULL, 'MF', 'Spain', '22'),
(1434, 'Ali Al-Habsi', 118, NULL, 'DF', 'Argentina', '3'),
(1435, 'Antolin Alcaraz', 118, NULL, 'GK', 'England', '20'),
(1436, 'Jean Beausejour', 118, NULL, 'FW', 'Spain', '6'),
(1437, 'Mauro Boselli', 118, NULL, 'FW', 'Switzerland', '12'),
(1438, 'Emmerson Boyce', 118, NULL, 'GK', 'Argentina', '9'),
(1439, 'Gary Caldwell', 118, NULL, 'FW', 'Spain', '15'),
(1440, 'Albert Crusat', 118, NULL, 'FW', 'England', '4'),
(1441, 'Franco Di Santo', 118, NULL, 'FW', 'Netherlands', '10'),
(1442, 'Maynor Figueroa', 118, NULL, 'FW', 'Argentina', '16'),
(1443, 'Jordi Gomez', 118, NULL, 'DF', 'Italy', '11'),
(1444, 'David Jones', 118, NULL, 'GK', 'England', '7'),
(1445, 'Arouna Kone', 118, NULL, 'MF', 'Spain', '18'),
(1446, 'Piscu', 118, NULL, 'DF', 'England', '14'),
(1447, 'Shaun Maloney', 118, NULL, 'DF', 'Argentina', '5'),
(1448, 'James McArthur', 118, NULL, 'FW', 'England', '13'),
(1449, 'James McCarthy', 118, NULL, 'GK', 'Italy', '21'),
(1450, 'Michael Pollitt', 118, NULL, 'GK', 'Spain', '8'),
(1451, 'Ivan Ramis', 118, NULL, 'DF', 'Belgium', '19'),
(1452, 'Ronnie Stam', 118, NULL, 'FW', 'Germany', '24'),
(1480, 'Sắp khai trương', 113, '2022-06-09', 'dfg', '123', 'd'),
(1481, ' Andrey Arshavin123', 104, '0000-00-00', ' MF', ' Argentina', ' 19'),
(1482, '  Andrey Arshavin123', 116, '0000-00-00', '  MF', '  Argentina', '  19'),
(1483, ' Sắp khai trương', 119, '0000-00-00', ' dfg', ' 123', ' d'),
(1493, 'Carlo Cudicini', 105, '2022-04-25', 'sdf', 'dfg', '100'),
(1494, 'a', 118, '2022-05-31', 'dfg', 'dfg', '1'),
(1496, 'Sắp khai trương', 118, '2022-06-10', 'sdf', '123', '100'),
(1497, 'Sắp khai trương', 101, '2022-06-01', 'sd', 'dfg', 'sdfsdf'),
(1498, 'Sắp khai trương', 101, '2022-06-10', 'sd', 'sdf', '100'),
(1499, 'tên sửa', 119, '2022-05-06', 'tiền đạo', 'Thái Lan', '12'),
(1503, 'Trang', 113, '2022-06-01', 'MF', 'Germany', '12'),
(1504, 'Black Cat', 101, '2022-06-04', 'MF', 'Germany', '12'),
(1506, 'Sophie', 107, '2022-03-04', 'MF', 'Tây Ban Nha', '12'),
(1507, 'Viet Nam', 103, '2022-06-02', 'MF', 'Tây Ban Nha', '123');

-- --------------------------------------------------------

--
-- Table structure for table `stadium`
--

CREATE TABLE `stadium` (
  `StadiumID` char(10) NOT NULL,
  `SName` varchar(40) DEFAULT NULL,
  `City` varchar(10) DEFAULT NULL,
  `YearOfBeginning` int(11) DEFAULT NULL
) ENGINE=InnoDB DEFAULT CHARSET=utf8mb4;

--
-- Dumping data for table `stadium`
--

INSERT INTO `stadium` (`StadiumID`, `SName`, `City`, `YearOfBeginning`) VALUES
('STD01', 'Craven Cottage', 'Craven Cot', NULL),
('STD02', 'Loftus Road', 'Loftus Roa', NULL),
('STD03', 'Madejski Stadium', 'Madejski S', NULL),
('STD04', 'The Hawthorns', 'The Hawtho', NULL),
('STD05', 'Upton Park', 'Upton Park', NULL),
('STD06', 'Emirates Stadium', 'Emirates S', NULL),
('STD07', 'St James\' Park', 'St James\' ', NULL),
('STD08', 'DW Stadium', 'DW Stadium', NULL),
('STD09', 'Etihad Stadium', 'Etihad Sta', NULL),
('STD10', 'Goodison Park', 'Goodison P', NULL),
('STD11', 'Stamford Bridge', 'Stamford B', NULL),
('STD12', 'The Liberty Stadium', 'The Libert', NULL),
('STD13', 'Villa Park', 'Villa Park', NULL),
('STD14', 'Old Trafford', 'Old Traffo', NULL),
('STD15', 'Carrow Road', 'Carrow Roa', NULL),
('STD16', 'St. Mary\'s Stadium', 'St. Mary\'s', NULL),
('STD17', 'White Hart Lane', 'White Hart', NULL),
('STD18', 'Britannia Stadium', 'Britannia ', NULL),
('STD19', 'Anfield', 'Anfield, L', NULL),
('STD20', 'Stadium of Light', 'Stadium of', NULL);

-- --------------------------------------------------------

--
-- Table structure for table `user_`
--

CREATE TABLE `user_` (
  `userid_` varchar(255) NOT NULL,
  `name` varchar(255) NOT NULL,
  `password` varchar(255) NOT NULL,
  `status` varchar(255) DEFAULT 'active'
) ENGINE=InnoDB DEFAULT CHARSET=utf8mb4;

--
-- Dumping data for table `user_`
--

INSERT INTO `user_` (`userid_`, `name`, `password`, `status`) VALUES
('QL00001', 'Trần Đình Trọng', '123456', 'active'),
('QL00002', 'Nguyen Van A', '123456', 'active');

--
-- Indexes for dumped tables
--

--
-- Indexes for table `club`
--
ALTER TABLE `club`
  ADD PRIMARY KEY (`ClubID`);

--
-- Indexes for table `coach`
--
ALTER TABLE `coach`
  ADD PRIMARY KEY (`CoachID`);

--
-- Indexes for table `matches`
--
ALTER TABLE `matches`
  ADD PRIMARY KEY (`MatchID`);

--
-- Indexes for table `match_goals`
--
ALTER TABLE `match_goals`
  ADD PRIMARY KEY (`GoalID`);

--
-- Indexes for table `player`
--
ALTER TABLE `player`
  ADD PRIMARY KEY (`PlayerID`);

--
-- Indexes for table `stadium`
--
ALTER TABLE `stadium`
  ADD PRIMARY KEY (`StadiumID`);

--
-- Indexes for table `user_`
--
ALTER TABLE `user_`
  ADD PRIMARY KEY (`userid_`);

--
-- AUTO_INCREMENT for dumped tables
--

--
-- AUTO_INCREMENT for table `club`
--
ALTER TABLE `club`
  MODIFY `ClubID` int(11) NOT NULL AUTO_INCREMENT, AUTO_INCREMENT=139;

--
-- AUTO_INCREMENT for table `player`
--
ALTER TABLE `player`
  MODIFY `PlayerID` int(11) NOT NULL AUTO_INCREMENT, AUTO_INCREMENT=1508;
COMMIT;

/*!40101 SET CHARACTER_SET_CLIENT=@OLD_CHARACTER_SET_CLIENT */;
/*!40101 SET CHARACTER_SET_RESULTS=@OLD_CHARACTER_SET_RESULTS */;
/*!40101 SET COLLATION_CONNECTION=@OLD_COLLATION_CONNECTION */;
